"Journal Data Filtered By:  Selected Categories: CARDIAC & CARDIOVASCULAR SYSTEMS Selected Editions: SCIE;SSCI;AHCI;ESCI Selected JCR Year: 2024 Selected Category Schema: WOS Selected Open Access: N Indicator: Default"

Journal name,JCR Abbreviation,Publisher,ISSN,eISSN,Category,Edition,Total Citations,2024 JIF,JIF Quartile,2024 JCI,% of Citable OA
"Nature Reviews Cardiology","NAT REV CARDIOL","NATURE PORTFOLIO","1759-5002","1759-5010","CARDIAC & CARDIOVASCULAR SYSTEMS","SCIE","22,153","44.2","Q1","8.32","2.03"%,
"CIRCULATION","CIRCULATION","LIPPINCOTT WILLIAMS & WILKINS","0009-7322","1524-4539","CARDIAC & CARDIOVASCULAR SYSTEMS","SCIE","177,978","38.6","Q1","9.01","19.36"%,
"EUROPEAN HEART JOURNAL","EUR HEART J","OXFORD UNIV PRESS","0195-668X","1522-9645","CARDIAC & CARDIOVASCULAR SYSTEMS","SCIE","90,583","35.6","Q1","8.05","48.73"%,
"JOURNAL OF THE AMERICAN COLLEGE OF CARDIOLOGY","J AM COLL CARDIOL","ELSEVIER SCIENCE INC","0735-1097","1558-3597","CARDIAC & CARDIOVASCULAR SYSTEMS","SCIE","117,273","22.3","Q1","5.06","20.61"%,
"CIRCULATION RESEARCH","CIRC RES","LIPPINCOTT WILLIAMS & WILKINS","0009-7330","1524-4571","CARDIAC & CARDIOVASCULAR SYSTEMS","SCIE","64,140","16.2","Q1","4.12","15.8"%,
"JACC-Cardiovascular Imaging","JACC-CARDIOVASC IMAG","ELSEVIER SCIENCE INC","1936-878X","1876-7591","CARDIAC & CARDIOVASCULAR SYSTEMS","SCIE","17,416","15.2","Q1","3.84","21.91"%,
"JAMA Cardiology","JAMA CARDIOL","AMER MEDICAL ASSOC","2380-6583","2380-6591","CARDIAC & CARDIOVASCULAR SYSTEMS","SCIE","14,345","14.1","Q1","4.03","15.27"%,
"CARDIOVASCULAR RESEARCH","CARDIOVASC RES","OXFORD UNIV PRESS","0008-6363","1755-3245","CARDIAC & CARDIOVASCULAR SYSTEMS","SCIE","28,216","13.3","Q1","2.58","48.42"%,
"JACC: CardioOncology","JACC-CARDIOONCOL","ELSEVIER","2666-0873","2666-0873","CARDIAC & CARDIOVASCULAR SYSTEMS","SCIE","2,793","12.8","Q1","2.57","93.92"%,
"JACC-Heart Failure","JACC-HEART FAIL","ELSEVIER SCI LTD","2213-1779","2213-1787","CARDIAC & CARDIOVASCULAR SYSTEMS","SCIE","9,430","11.8","Q1","3.06","26.23"%,
"JACC-Cardiovascular Interventions","JACC-CARDIOVASC INTE","ELSEVIER SCIENCE INC","1936-8798","1876-7605","CARDIAC & CARDIOVASCULAR SYSTEMS","SCIE","18,003","11.4","Q1","2.99","17.48"%,
"EUROPEAN JOURNAL OF HEART FAILURE","EUR J HEART FAIL","WILEY","1388-9842","1879-0844","CARDIAC & CARDIOVASCULAR SYSTEMS","SCIE","21,362","10.8","Q1","3.77","54.13"%,
"Nature Cardiovascular Research","NAT CARDIOVASC RES","SPRINGERNATURE","N/A","2731-0590","CARDIAC & CARDIOVASCULAR SYSTEMS","ESCI","1,796","10.8","Q1","2.82","32.77"%,
"Cardiovascular Diabetology","CARDIOVASC DIABETOL","BMC","N/A","1475-2840","CARDIAC & CARDIOVASCULAR SYSTEMS","SCIE","18,535","10.6","Q1","2.51","100"%,
"Circulation-Arrhythmia and Electrophysiology","CIRC-ARRHYTHMIA ELEC","LIPPINCOTT WILLIAMS & WILKINS","1941-3149","1941-3084","CARDIAC & CARDIOVASCULAR SYSTEMS","SCIE","9,673","9.8","Q1","2.2","18.38"%,
"EuroIntervention","EUROINTERVENTION","EUROPA EDITION","1774-024X","1969-6213","CARDIAC & CARDIOVASCULAR SYSTEMS","SCIE","7,808","9.5","Q1","2.26","0"%,
"TRENDS IN CARDIOVASCULAR MEDICINE","TRENDS CARDIOVAS MED","ELSEVIER SCIENCE LONDON","1050-1738","1873-2615","CARDIAC & CARDIOVASCULAR SYSTEMS","SCIE","4,437","9","Q1","2.68","18.92"%,
"Circulation-Heart Failure","CIRC-HEART FAIL","LIPPINCOTT WILLIAMS & WILKINS","1941-3289","1941-3297","CARDIAC & CARDIOVASCULAR SYSTEMS","SCIE","10,871","8.4","Q1","2.1","12.77"%,
"JOURNAL OF CARDIAC FAILURE","J CARD FAIL","CHURCHILL LIVINGSTONE INC MEDICAL PUBLISHERS","1071-9164","1532-8414","CARDIAC & CARDIOVASCULAR SYSTEMS","SCIE","7,593","8.2","Q1","1.76","21.82"%,
"BASIC RESEARCH IN CARDIOLOGY","BASIC RES CARDIOL","SPRINGER HEIDELBERG","0300-8428","1435-1803","CARDIAC & CARDIOVASCULAR SYSTEMS","SCIE","5,374","8","Q1","2.19","69.49"%,
"JACC-Clinical Electrophysiology","JACC-CLIN ELECTROPHY","ELSEVIER","2405-500X","2405-5018","CARDIAC & CARDIOVASCULAR SYSTEMS","SCIE","7,111","7.7","Q1","2.07","17.12"%,
"PROGRESS IN CARDIOVASCULAR DISEASES","PROG CARDIOVASC DIS","W B SAUNDERS CO-ELSEVIER INC","0033-0620","1873-1740","CARDIAC & CARDIOVASCULAR SYSTEMS","SCIE","6,379","7.6","Q1","1.26","17.27"%,
"European Journal of Preventive Cardiology","EUR J PREV CARDIOL","OXFORD UNIV PRESS","2047-4873","2047-4881","CARDIAC & CARDIOVASCULAR SYSTEMS","SCIE","11,766","7.5","Q1","2.05","39.45"%,
"EUROPACE","EUROPACE","OXFORD UNIV PRESS","1099-5129","1532-2092","CARDIAC & CARDIOVASCULAR SYSTEMS","SCIE","16,338","7.4","Q1","1.96","83.49"%,
"Circulation-Cardiovascular Interventions","CIRC-CARDIOVASC INTE","LIPPINCOTT WILLIAMS & WILKINS","1941-7640","1941-7632","CARDIAC & CARDIOVASCULAR SYSTEMS","SCIE","7,254","7.4","Q1","1.69","14.8"%,
"JACC-Basic to Translational Science","JACC-BASIC TRANSL SC","ELSEVIER SCIENCE INC","2452-302X","2452-302X","CARDIAC & CARDIOVASCULAR SYSTEMS","SCIE","4,274","7.2","Q1","2.07","99.58"%,
"Circulation-Cardiovascular Imaging","CIRC-CARDIOVASC IMAG","LIPPINCOTT WILLIAMS & WILKINS","1941-9651","1942-0080","CARDIAC & CARDIOVASCULAR SYSTEMS","SCIE","7,805","7","Q1","1.82","16.3"%,
"Circulation-Cardiovascular Quality and Outcomes","CIRC-CARDIOVASC QUAL","LIPPINCOTT WILLIAMS & WILKINS","1941-7705","1941-7713","CARDIAC & CARDIOVASCULAR SYSTEMS","SCIE","7,657","6.7","Q1","1.48","10.48"%,
"European Heart Journal-Cardiovascular Imaging","EUR HEART J-CARD IMG","OXFORD UNIV PRESS","2047-2404","2047-2412","CARDIAC & CARDIOVASCULAR SYSTEMS","SCIE","10,917","6.6","Q1","1.71","32.14"%,
"European Heart Journal-Cardiovascular Pharmacotherapy","EUR HEART J-CARD PHA","OXFORD UNIV PRESS","2055-6837","2055-6845","CARDIAC & CARDIOVASCULAR SYSTEMS","SCIE","2,006","6.1","Q1","1.61","30.77"%,
"JOURNAL OF CARDIOVASCULAR MAGNETIC RESONANCE","J CARDIOVASC MAGN R","ELSEVIER SCIENCE INC","1097-6647","1532-429X","CARDIAC & CARDIOVASCULAR SYSTEMS","SCIE","6,904","6.1","Q1","1.41","100"%,
"JOURNAL OF HEART AND LUNG TRANSPLANTATION","J HEART LUNG TRANSPL","ELSEVIER SCIENCE INC","1053-2498","1557-3117","CARDIAC & CARDIOVASCULAR SYSTEMS","SCIE","14,148","6","Q1","2.01","13.18"%,
"JOURNAL OF THE AMERICAN SOCIETY OF ECHOCARDIOGRAPHY","J AM SOC ECHOCARDIOG","MOSBY-ELSEVIER","0894-7317","N/A","CARDIAC & CARDIOVASCULAR SYSTEMS","SCIE","12,523","6","Q1","1.53","19.1"%,
"American Journal of Preventive Cardiology","AM J PREVENT CARDIOL","ELSEVIER","2666-6677","2666-6677","CARDIAC & CARDIOVASCULAR SYSTEMS","ESCI","1,294","5.9","Q1","1.14","95.26"%,
"Journal of Cardiovascular Computed Tomography","J CARDIOVASC COMPUT","ELSEVIER SCIENCE INC","1934-5925","1934-5925","CARDIAC & CARDIOVASCULAR SYSTEMS","SCIE","3,289","5.8","Q1","1.49","23.7"%,
"Cardiovascular Intervention and Therapeutics","CARDIOVASC INTERV TH","SPRINGER JAPAN KK","1868-4300","1868-4297","CARDIAC & CARDIOVASCULAR SYSTEMS","ESCI","1,085","5.8","Q1","1.02","25"%,
"HEART RHYTHM","HEART RHYTHM","ELSEVIER SCIENCE INC","1547-5271","1556-3871","CARDIAC & CARDIOVASCULAR SYSTEMS","SCIE","15,509","5.7","Q1","1.54","17.47"%,
"ATHEROSCLEROSIS","ATHEROSCLEROSIS","ELSEVIER IRELAND LTD","0021-9150","1879-1484","CARDIAC & CARDIOVASCULAR SYSTEMS","SCIE","24,673","5.7","Q1","1.33","34.97"%,
"Cardiac Failure Review","CARD FAIL REV","RADCLIFFE CARDIOLOGY","2057-7540","2057-7559","CARDIAC & CARDIOVASCULAR SYSTEMS","ESCI","997","5.7","Q1","1.09","100"%,
"Circulation-Genomic and Precision Medicine","CIRC-GENOM PRECIS ME","LIPPINCOTT WILLIAMS & WILKINS","2574-8300","2574-8300","CARDIAC & CARDIOVASCULAR SYSTEMS","SCIE","2,367","5.5","Q1","1.43","25.18"%,
"Journal of the American Heart Association","J AM HEART ASSOC","WILEY","N/A","2047-9980","CARDIAC & CARDIOVASCULAR SYSTEMS","SCIE","44,926","5.3","Q1","1.38","79.62"%,
"CANADIAN JOURNAL OF CARDIOLOGY","CAN J CARDIOL","ELSEVIER SCIENCE INC","0828-282X","1916-7075","CARDIAC & CARDIOVASCULAR SYSTEMS","SCIE","10,339","5.3","Q1","1.34","26.6"%,
"REVISTA ESPANOLA DE CARDIOLOGIA","REV ESP CARDIOL","EDICIONES DOYMA S A","N/A","1885-5857","CARDIAC & CARDIOVASCULAR SYSTEMS","SCIE","5,058","4.9","Q1","2.1","10"%,
"JOURNAL OF MOLECULAR AND CELLULAR CARDIOLOGY","J MOL CELL CARDIOL","ELSEVIER SCI LTD","0022-2828","1095-8584","CARDIAC & CARDIOVASCULAR SYSTEMS","SCIE","13,512","4.7","Q1","0.96","28.53"%,
"European Heart Journal-Quality of Care and Clinical Outcomes","EUR HEART J-QUAL CAR","OXFORD UNIV PRESS","2058-5225","2058-1742","CARDIAC & CARDIOVASCULAR SYSTEMS","SCIE","2,134","4.6","Q1","1.41","31.97"%,
"European Heart Journal-Acute Cardiovascular Care","EUR HEART J-ACUTE CA","OXFORD UNIV PRESS","2048-8726","2048-8734","CARDIAC & CARDIOVASCULAR SYSTEMS","SCIE","3,167","4.6","Q1","1.12","27.43"%,
"JOURNAL OF THORACIC AND CARDIOVASCULAR SURGERY","J THORAC CARDIOV SUR","MOSBY-ELSEVIER","0022-5223","1097-685X","CARDIAC & CARDIOVASCULAR SYSTEMS","SCIE","29,309","4.4","Q1","2.04","11.22"%,
"HEART","HEART","BMJ PUBLISHING GROUP","1355-6037","1468-201X","CARDIAC & CARDIOVASCULAR SYSTEMS","SCIE","19,585","4.4","Q1","1.21","25"%,
"European Heart Journal - Digital Health","EUR HEART J-DIGIT HL","OXFORD UNIV PRESS","N/A","2634-3916","CARDIAC & CARDIOVASCULAR SYSTEMS","ESCI","949","4.4","Q1","1.04","96.88"%,
"HEART FAILURE REVIEWS","HEART FAIL REV","SPRINGER","1382-4147","1573-7322","CARDIAC & CARDIOVASCULAR SYSTEMS","SCIE","5,160","4.2","Q1","1.07","29.43"%,
"AMERICAN JOURNAL OF PHYSIOLOGY-HEART AND CIRCULATORY PHYSIOLOGY","AM J PHYSIOL-HEART C","AMER PHYSIOLOGICAL SOC","0363-6135","1522-1539","CARDIAC & CARDIOVASCULAR SYSTEMS","SCIE","24,857","4.1","Q1","1.25","8.06"%,
"ANNALS OF THORACIC SURGERY","ANN THORAC SURG","ELSEVIER SCIENCE INC","0003-4975","1552-6259","CARDIAC & CARDIOVASCULAR SYSTEMS","SCIE","34,306","3.9","Q1","1.5","5.83"%,
"European Journal of Cardiovascular Nursing","EUR J CARDIOVASC NUR","OXFORD UNIV PRESS","1474-5151","1873-1953","CARDIAC & CARDIOVASCULAR SYSTEMS","SCIE","3,373","3.9","Q1","1.16","35.91"%,
"Polish Heart Journal-Kardiologia Polska","POLISH HEART J","POLISH CARDIAC SOC","0022-9032","1897-4279","CARDIAC & CARDIOVASCULAR SYSTEMS","SCIE","3,537","3.8","Q1","0.79","93.44"%,
"Clinical Research in Cardiology","CLIN RES CARDIOL","SPRINGER HEIDELBERG","1861-0684","1861-0692","CARDIAC & CARDIOVASCULAR SYSTEMS","SCIE","5,343","3.7","Q1","0.98","70.4"%,
"CIRCULATION JOURNAL","CIRC J","JAPANESE CIRCULATION SOC","1346-9843","1347-4820","CARDIAC & CARDIOVASCULAR SYSTEMS","SCIE","10,246","3.7","Q1","0.97","97.37"%,
"Cardiovascular Toxicology","CARDIOVASC TOXICOL","HUMANA PRESS INC","1530-7905","1559-0259","CARDIAC & CARDIOVASCULAR SYSTEMS","SCIE","2,116","3.7","Q1","0.96","20.54"%,
"ESC Heart Failure","ESC HEART FAIL","WILEY PERIODICALS, INC","2055-5822","2055-5822","CARDIAC & CARDIOVASCULAR SYSTEMS","SCIE","9,073","3.7","Q1","0.93","83.22"%,
"NUTRITION METABOLISM AND CARDIOVASCULAR DISEASES","NUTR METAB CARDIOVAS","ELSEVIER SCI LTD","0939-4753","1590-3729","CARDIAC & CARDIOVASCULAR SYSTEMS","SCIE","9,614","3.7","Q1","0.88","17.52"%,
"European Cardiology Review","EUR CARDIOL REV","RADCLIFFE CARDIOLOGY","1758-3756","1758-3756","CARDIAC & CARDIOVASCULAR SYSTEMS","ESCI","1,050","3.6","Q2","0.74","97.5"%,
"AMERICAN HEART JOURNAL","AM HEART J","MOSBY-ELSEVIER","0002-8703","1097-6744","CARDIAC & CARDIOVASCULAR SYSTEMS","SCIE","17,193","3.5","Q2","1.07","30.03"%,
"Current Heart Failure Reports","CURR HEART FAIL REP","SPRINGERNATURE","1546-9530","1546-9549","CARDIAC & CARDIOVASCULAR SYSTEMS","ESCI","1,605","3.4","Q2","0.98","39.46"%,
"Cardiovascular Therapeutics","CARDIOVASC THER","WILEY","1755-5914","1755-5922","CARDIAC & CARDIOVASCULAR SYSTEMS","SCIE","1,673","3.4","Q2","0.84","100"%,
"CURRENT PROBLEMS IN CARDIOLOGY","CURR PROB CARDIOLOGY","MOSBY-ELSEVIER","0146-2806","1535-6280","CARDIAC & CARDIOVASCULAR SYSTEMS","SCIE","4,911","3.3","Q2","0.76","12.85"%,
"Arrhythmia & Electrophysiology Review","ARRHYTH ELECTROPHYSI","RADCLIFFE CARDIOLOGY","2050-3369","2050-3377","CARDIAC & CARDIOVASCULAR SYSTEMS","ESCI","884","3.3","Q2","0.7","98.48"%,
"Current Cardiology Reports","CURR CARDIOL REP","SPRINGER","1523-3782","1534-3170","CARDIAC & CARDIOVASCULAR SYSTEMS","SCIE","5,134","3.3","Q2","0.64","16.8"%,
"Clinical Medicine Insights-Cardiology","CLIN MED INSIGHTS-CA","SAGE PUBLICATIONS LTD","1179-5468","1179-5468","CARDIAC & CARDIOVASCULAR SYSTEMS","ESCI","573","3.3","Q2","0.58","92.5"%,
"International Journal of Cardiology","INT J CARDIOL","ELSEVIER IRELAND LTD","0167-5273","1874-1754","CARDIAC & CARDIOVASCULAR SYSTEMS","SCIE","31,491","3.2","Q2","0.89","18.79"%,
"Cardio-Oncology","CARDIO-ONCOLOGY","BMC","N/A","2057-3804","CARDIAC & CARDIOVASCULAR SYSTEMS","ESCI","613","3.2","Q2","0.78","100"%,
"Annals of Cardiothoracic Surgery","ANN CARDIOTHORAC SUR","AME PUBLISHING COMPANY","2225-319X","2304-1021","CARDIAC & CARDIOVASCULAR SYSTEMS","SCIE","2,667","3.1","Q2","0.99","99.32"%,
"RESPIRATORY MEDICINE","RESP MED","W B SAUNDERS CO LTD","0954-6111","1532-3064","CARDIAC & CARDIOVASCULAR SYSTEMS","SCIE","13,738","3.1","Q2","0.91","28.89"%,
"Korean Circulation Journal","KOREAN CIRC J","KOREAN SOC CARDIOLOGY","1738-5520","1738-5555","CARDIAC & CARDIOVASCULAR SYSTEMS","SCIE","1,986","3.1","Q2","0.8","0"%,
"CARDIOVASCULAR DRUGS AND THERAPY","CARDIOVASC DRUG THER","SPRINGER","0920-3206","1573-7241","CARDIAC & CARDIOVASCULAR SYSTEMS","SCIE","3,639","3.1","Q2","0.78","27.89"%,
"Journal of Cardiopulmonary Rehabilitation and Prevention","J CARDIOPULM REHABIL","LIPPINCOTT WILLIAMS & WILKINS","1932-7501","1932-751X","CARDIAC & CARDIOVASCULAR SYSTEMS","SCIE","2,552","3.1","Q2","0.77","7.22"%,
"Global Heart","GLOB HEART","UBIQUITY PRESS LTD","2211-8160","2211-8179","CARDIAC & CARDIOVASCULAR SYSTEMS","SCIE","2,169","3.1","Q2","0.75","98.68"%,
"EUROPEAN JOURNAL OF CARDIO-THORACIC SURGERY","EUR J CARDIO-THORAC","OXFORD UNIV PRESS INC","1010-7940","1873-734X","CARDIAC & CARDIOVASCULAR SYSTEMS","SCIE","17,324","3","Q2","1.09","21.6"%,
"American Journal of Cardiovascular Drugs","AM J CARDIOVASC DRUG","ADIS INT LTD","1175-3277","1179-187X","CARDIAC & CARDIOVASCULAR SYSTEMS","SCIE","1,533","3","Q2","0.68","30.06"%,
"Hellenic Journal of Cardiology","HELL J CARDIOL","ELSEVIER","1109-9666","2241-5955","CARDIAC & CARDIOVASCULAR SYSTEMS","SCIE","1,194","3","Q2","0.67","100"%,
"Journal of Cardiovascular Aging","J CARDIOVASC AGING","OAE PUBLISHING INC","N/A","2768-5993","CARDIAC & CARDIOVASCULAR SYSTEMS","ESCI","150","3","Q2","0.63","96.72"%,
"CARDIOVASCULAR AND INTERVENTIONAL RADIOLOGY","CARDIOVASC INTER RAD","SPRINGER","0174-1551","1432-086X","CARDIAC & CARDIOVASCULAR SYSTEMS","SCIE","7,319","2.9","Q2","0.78","32.68"%,
"CardioRenal Medicine","CARDIORENAL MED","KARGER","1664-3828","1664-5502","CARDIAC & CARDIOVASCULAR SYSTEMS","SCIE","862","2.9","Q2","0.73","100"%,
"Frontiers in Cardiovascular Medicine","FRONT CARDIOVASC MED","FRONTIERS MEDIA SA","2297-055X","2297-055X","CARDIAC & CARDIOVASCULAR SYSTEMS","SCIE","29,172","2.9","Q2","0.72","99.5"%,
"Heart Rhythm O2","HEART RHYTHM O2","ELSEVIER","2666-5018","2666-5018","CARDIAC & CARDIOVASCULAR SYSTEMS","ESCI","946","2.9","Q2","0.72","67.65"%,
"Open Heart","OPEN HEART","BMJ PUBLISHING GROUP","2053-3624","2053-3624","CARDIAC & CARDIOVASCULAR SYSTEMS","ESCI","3,505","2.8","Q2","0.69","99.55"%,
"JOURNAL OF CARDIOVASCULAR PHARMACOLOGY AND THERAPEUTICS","J CARDIOVASC PHARM T","SAGE PUBLICATIONS INC","1074-2484","1940-4034","CARDIAC & CARDIOVASCULAR SYSTEMS","SCIE","1,491","2.8","Q2","0.63","92.11"%,
"Interventional Cardiology-Reviews Research Resources","INTERV CARDIOL-REV R","RADCLIFFE CARDIOLOGY","1756-1477","1756-1485","CARDIAC & CARDIOVASCULAR SYSTEMS","ESCI","228","2.8","Q2","0.58","95.77"%,
"Structural Heart-The Journal of the Heart Team","STRUCT HEART","ELSEVIER SCIENCE INC","2474-8706","2474-8714","CARDIAC & CARDIOVASCULAR SYSTEMS","ESCI","514","2.8","Q2","0.53","79.84"%,
"World Journal of Cardiology","WORLD J CARDIOL","BAISHIDENG PUBLISHING GROUP INC","1949-8462","1949-8462","CARDIAC & CARDIOVASCULAR SYSTEMS","ESCI","2,045","2.8","Q2","0.52","88.55"%,
"JOURNAL OF NUCLEAR CARDIOLOGY","J NUCL CARDIOL","ELSEVIER SCIENCE INC","1071-3581","1532-6551","CARDIAC & CARDIOVASCULAR SYSTEMS","SCIE","4,099","2.7","Q2","0.72","27.94"%,
"Cardiovascular Digital Health Journal","CARDIOVASC DIGIT HLT","ELSEVIER","2666-6936","2666-6936","CARDIAC & CARDIOVASCULAR SYSTEMS","ESCI","355","2.7","Q2","0.71","85.54"%,
"Cardiology and Therapy","CARDIOL THER","SPRINGER LONDON LTD","2193-8261","2193-6544","CARDIAC & CARDIOVASCULAR SYSTEMS","ESCI","712","2.7","Q2","0.6","99.22"%,
"Journal of Cardiovascular Nursing","J CARDIOVASC NURS","LIPPINCOTT WILLIAMS & WILKINS","0889-4655","1550-5049","CARDIAC & CARDIOVASCULAR SYSTEMS","SCIE","2,578","2.6","Q2","0.92","8.19"%,
"HEART & LUNG","HEART LUNG","MOSBY-ELSEVIER","0147-9563","1527-3288","CARDIAC & CARDIOVASCULAR SYSTEMS","SCIE","3,783","2.6","Q2","0.9","12.53"%,
"Journal of Cardiology","J CARDIOL","ELSEVIER","0914-5087","1876-4738","CARDIAC & CARDIOVASCULAR SYSTEMS","SCIE","4,599","2.6","Q2","0.7","11.35"%,
"JOURNAL OF CARDIOVASCULAR ELECTROPHYSIOLOGY","J CARDIOVASC ELECTR","WILEY","1045-3873","1540-8167","CARDIAC & CARDIOVASCULAR SYSTEMS","SCIE","8,984","2.6","Q2","0.7","28.98"%,
"JOURNAL OF INTERVENTIONAL CARDIAC ELECTROPHYSIOLOGY","J INTERV CARD ELECTR","SPRINGER","1383-875X","1572-8595","CARDIAC & CARDIOVASCULAR SYSTEMS","SCIE","3,434","2.6","Q2","0.6","25.54"%,
"Journal of Geriatric Cardiology","J GERIATR CARDIOL","TSINGHUA UNIV PRESS","1671-5411","1671-5411","CARDIAC & CARDIOVASCULAR SYSTEMS","SCIE","2,311","2.6","Q2","0.57","8.6"%,
"Seminars in Thoracic and Cardiovascular Surgery","SEMIN THORAC CARDIOV","ELSEVIER INC","1043-0679","1532-9488","CARDIAC & CARDIOVASCULAR SYSTEMS","SCIE","2,104","2.5","Q2","0.82","8.07"%,
"IJC Heart & Vasculature","IJC HEART VASC","ELSEVIER IRELAND LTD","N/A","2352-9067","CARDIAC & CARDIOVASCULAR SYSTEMS","ESCI","2,377","2.5","Q2","0.64","98.25"%,
"Journal of Cardiovascular Translational Research","J CARDIOVASC TRANSL","SPRINGER","1937-5387","1937-5395","CARDIAC & CARDIOVASCULAR SYSTEMS","SCIE","2,702","2.5","Q2","0.61","28.9"%,
"EUROPEAN HEART JOURNAL SUPPLEMENTS","EUR HEART J SUPPL","OXFORD UNIV PRESS","1520-765X","1554-2815","CARDIAC & CARDIOVASCULAR SYSTEMS","SCIE","1,585","2.5","Q2","0.6","99.04"%,
"Pulmonary Circulation","PULM CIRC","WILEY","2045-8932","2045-8940","CARDIAC & CARDIOVASCULAR SYSTEMS","SCIE","3,268","2.5","Q2","0.59","84.43"%,
"ACTA CARDIOLOGICA","ACTA CARDIOL","TAYLOR & FRANCIS LTD","0001-5385","1784-973X","CARDIAC & CARDIOVASCULAR SYSTEMS","SCIE","1,842","2.5","Q2","0.51","5.54"%,
"Echo Research and Practice","ECHO RES PRACT","SPRINGERNATURE","2055-0464","2055-0464","CARDIAC & CARDIOVASCULAR SYSTEMS","ESCI","590","2.4","Q2","0.75","98.25"%,
"Annals of Thoracic Medicine","ANN THORAC MED","WOLTERS KLUWER MEDKNOW PUBLICATIONS","1817-1737","1998-3557","CARDIAC & CARDIOVASCULAR SYSTEMS","SCIE","1,066","2.3","Q2","0.62","100"%,
"BMC Cardiovascular Disorders","BMC CARDIOVASC DISOR","BMC","1471-2261","1471-2261","CARDIAC & CARDIOVASCULAR SYSTEMS","SCIE","9,582","2.3","Q2","0.62","99.95"%,
"CLINICAL CARDIOLOGY","CLIN CARDIOL","WILEY","0160-9289","1932-8737","CARDIAC & CARDIOVASCULAR SYSTEMS","SCIE","5,904","2.3","Q2","0.62","84.93"%,
"Journal of Cardiovascular Development and Disease","J CARDIOVASC DEV DIS","MDPI","N/A","2308-3425","CARDIAC & CARDIOVASCULAR SYSTEMS","SCIE","3,818","2.3","Q2","0.61","100"%,
"Cardiology in Review","CARDIOL REV","LIPPINCOTT WILLIAMS & WILKINS","1061-5377","1538-4683","CARDIAC & CARDIOVASCULAR SYSTEMS","SCIE","1,456","2.3","Q2","0.43","4.79"%,
"Heart International","HEART INT","TOUCH MEDICAL MEDIA LTD","2036-2579","2036-2579","CARDIAC & CARDIOVASCULAR SYSTEMS","ESCI","229","2.3","Q2","0.33","86.05"%,
"JOURNAL OF CARDIOVASCULAR PHARMACOLOGY","J CARDIOVASC PHARM","LIPPINCOTT WILLIAMS & WILKINS","0160-2446","1533-4023","CARDIAC & CARDIOVASCULAR SYSTEMS","SCIE","5,644","2.2","Q2","0.63","15.88"%,
"JOURNAL OF THROMBOSIS AND THROMBOLYSIS","J THROMB THROMBOLYS","SPRINGER","0929-5305","1573-742X","CARDIAC & CARDIOVASCULAR SYSTEMS","SCIE","4,378","2.2","Q2","0.58","26.3"%,
"Heart Lung and Circulation","HEART LUNG CIRC","ELSEVIER SCIENCE INC","1443-9506","1444-2892","CARDIAC & CARDIOVASCULAR SYSTEMS","SCIE","4,645","2.2","Q2","0.57","18.61"%,
"Archives of Cardiovascular Diseases","ARCH CARDIOVASC DIS","ELSEVIER MASSON, CORP OFF","1875-2136","1875-2128","CARDIAC & CARDIOVASCULAR SYSTEMS","SCIE","1,947","2.2","Q2","0.54","11.44"%,
"Therapeutic Advances in Cardiovascular Disease","THER ADV CARDIO DIS","SAGE PUBLICATIONS LTD","1753-9447","1753-9455","CARDIAC & CARDIOVASCULAR SYSTEMS","ESCI","741","2.2","Q2","0.54","96.43"%,
"JMIR Cardio","JMIR CARDIO","JMIR PUBLICATIONS, INC","N/A","2561-1011","CARDIAC & CARDIOVASCULAR SYSTEMS","ESCI","418","2.2","Q2","0.51","100"%,
"CURRENT CARDIOLOGY REVIEWS","CURR CARDIOL REV","BENTHAM SCIENCE PUBL LTD","1573-403X","1875-6557","CARDIAC & CARDIOVASCULAR SYSTEMS","ESCI","2,179","2.2","Q2","0.49","4.52"%,
"Journal of Molecular and Cellular Cardiology Plus","J MOL CELL CARD PLUS","ELSEVIER","N/A","2772-9761","CARDIAC & CARDIOVASCULAR SYSTEMS","ESCI","83","2.2","Q2","0.4","96.97"%,
"JOURNAL OF CARDIOTHORACIC AND VASCULAR ANESTHESIA","J CARDIOTHOR VASC AN","W B SAUNDERS CO-ELSEVIER INC","1053-0770","1532-8422","CARDIAC & CARDIOVASCULAR SYSTEMS","SCIE","8,053","2.1","Q3","0.66","9.34"%,
"AMERICAN JOURNAL OF CARDIOLOGY","AM J CARDIOL","EXCERPTA MEDICA INC-ELSEVIER SCIENCE INC","0002-9149","1879-1913","CARDIAC & CARDIOVASCULAR SYSTEMS","SCIE","31,933","2.1","Q3","0.59","11.81"%,
"Interactive Cardiovascular and Thoracic Surgery","INTERACT CARDIOV TH","OXFORD UNIV PRESS","1569-9293","1569-9285","CARDIAC & CARDIOVASCULAR SYSTEMS","SCIE","5,848","2.1","Q3","0.53","91.56"%,
"Cardiovascular Diagnosis and Therapy","CARDIOVASC DIAGN THE","AME PUBLISHING COMPANY","2223-3652","2223-3660","CARDIAC & CARDIOVASCULAR SYSTEMS","SCIE","2,920","2.1","Q3","0.49","99.62"%,
"Expert Review of Cardiovascular Therapy","EXPERT REV CARDIOVAS","TAYLOR & FRANCIS INC","1477-9072","1744-8344","CARDIAC & CARDIOVASCULAR SYSTEMS","ESCI","2,255","2.1","Q3","0.4","14.08"%,
"Heart Failure Clinics","HEART FAIL CLIN","ELSEVIER SCIENCE INC","1551-7136","N/A","CARDIAC & CARDIOVASCULAR SYSTEMS","SCIE","1,529","2","Q3","0.64","1.47"%,
"Journal of Cardiovascular Medicine","J CARDIOVASC MED","LIPPINCOTT WILLIAMS & WILKINS","1558-2027","1558-2035","CARDIAC & CARDIOVASCULAR SYSTEMS","SCIE","2,124","2","Q3","0.62","5.86"%,
"Netherlands Heart Journal","NETH HEART J","BOHN STAFLEU VAN LOGHUM BV","1568-5888","1876-6250","CARDIAC & CARDIOVASCULAR SYSTEMS","SCIE","1,734","2","Q3","0.51","99.3"%,
"CORONARY ARTERY DISEASE","CORONARY ARTERY DIS","LIPPINCOTT WILLIAMS & WILKINS","0954-6928","1473-5830","CARDIAC & CARDIOVASCULAR SYSTEMS","SCIE","1,951","2","Q3","0.48","15.89"%,
"CURRENT OPINION IN CARDIOLOGY","CURR OPIN CARDIOL","LIPPINCOTT WILLIAMS & WILKINS","0268-4705","1531-7080","CARDIAC & CARDIOVASCULAR SYSTEMS","SCIE","2,470","2","Q3","0.45","5.88"%,
"CARDIOVASCULAR PATHOLOGY","CARDIOVASC PATHOL","ELSEVIER SCIENCE INC","1054-8807","1879-1336","CARDIAC & CARDIOVASCULAR SYSTEMS","SCIE","2,178","1.9","Q3","0.79","32.05"%,
"Cardiology Journal","CARDIOL J","VIA MEDICA","1897-5593","1898-018X","CARDIAC & CARDIOVASCULAR SYSTEMS","SCIE","1,908","1.9","Q3","0.64","97.59"%,
"JTCVS Techniques","JTCVS TECHNIQUES","ELSEVIER","2666-2507","2666-2507","CARDIAC & CARDIOVASCULAR SYSTEMS","ESCI","987","1.9","Q3","0.61","96.78"%,
"JTCVS Open","JTCVS OPEN","ELSEVIER","N/A","2666-2736","CARDIAC & CARDIOVASCULAR SYSTEMS","ESCI","909","1.9","Q3","0.59","98.73"%,
"CATHETERIZATION AND CARDIOVASCULAR INTERVENTIONS","CATHETER CARDIO INTE","WILEY","1522-1946","1522-726X","CARDIAC & CARDIOVASCULAR SYSTEMS","SCIE","10,334","1.9","Q3","0.57","24.72"%,
"Arquivos Brasileiros de Cardiologia","ARQ BRAS CARDIOL","ARQUIVOS BRASILEIROS CARDIOLOGIA","0066-782X","1678-4170","CARDIAC & CARDIOVASCULAR SYSTEMS","SCIE","4,120","1.9","Q3","0.55","96.88"%,
"Cardiovascular Revascularization Medicine","CARDIOVASC REVASCULA","ELSEVIER INC","1553-8389","1878-0938","CARDIAC & CARDIOVASCULAR SYSTEMS","ESCI","2,663","1.9","Q3","0.53","14.88"%,
"CJC Open","CJC OPEN","ELSEVIER","2589-790X","2589-790X","CARDIAC & CARDIOVASCULAR SYSTEMS","ESCI","1,239","1.9","Q3","0.46","74.71"%,
"Current Cardiovascular Risk Reports","CURR CARDIOVASC RISK","SPRINGER","1932-9520","1932-9563","CARDIAC & CARDIOVASCULAR SYSTEMS","ESCI","581","1.8","Q3","0.57","16.92"%,
"Acta Cardiologica Sinica","ACTA CARDIOL SIN","TAIWAN SOC CARDIOLOGY","1011-6842","1011-6842","CARDIAC & CARDIOVASCULAR SYSTEMS","SCIE","959","1.8","Q3","0.43","0.58"%,
"Cardiovascular Engineering and Technology","CARDIOVASC ENG TECHN","SPRINGER","1869-408X","1869-4098","CARDIAC & CARDIOVASCULAR SYSTEMS","SCIE","1,142","1.8","Q3","0.42","22.56"%,
"Cardiology Research and Practice","CARDIOL RES PRACT","WILEY","2090-8016","2090-0597","CARDIAC & CARDIOVASCULAR SYSTEMS","SCIE","1,317","1.8","Q3","0.41","99.17"%,
"American Heart Journal Plus: Cardiology Research and Practice","AM HEART J PLUS","ELSEVIER","N/A","2666-6022","CARDIAC & CARDIOVASCULAR SYSTEMS","ESCI","580","1.8","Q3","0.4","97.4"%,
"Indian Heart Journal","INDIAN HEART J","ELSEVIER","0019-4832","2213-3763","CARDIAC & CARDIOVASCULAR SYSTEMS","ESCI","2,325","1.8","Q3","0.39","97.71"%,
"Journal of Arrhythmia","J ARRYTHM","WILEY","1880-4276","1883-2148","CARDIAC & CARDIOVASCULAR SYSTEMS","ESCI","1,565","1.7","Q3","0.49","86.5"%,
"CARDIOLOGY","CARDIOLOGY","KARGER","0008-6312","1421-9751","CARDIAC & CARDIOVASCULAR SYSTEMS","SCIE","2,469","1.7","Q3","0.43","36.61"%,
"JOURNAL OF INTERVENTIONAL CARDIOLOGY","J INTERV CARDIOL","WILEY","0896-4327","1540-8183","CARDIAC & CARDIOVASCULAR SYSTEMS","SCIE","1,654","1.7","Q3","0.43","100"%,
"CARDIOLOGY CLINICS","CARDIOL CLIN","W B SAUNDERS CO-ELSEVIER INC","0733-8651","1558-2264","CARDIAC & CARDIOVASCULAR SYSTEMS","SCIE","1,593","1.6","Q3","0.56","0.71"%,
"Cardiovascular Ultrasound","CARDIOVASC ULTRASOUN","BMC","N/A","1476-7120","CARDIAC & CARDIOVASCULAR SYSTEMS","SCIE","1,272","1.6","Q3","0.54","98.39"%,
"Revista Portuguesa de Cardiologia","REV PORT CARDIOL","ELSEVIER ESPANA SLU","0870-2551","0304-4750","CARDIAC & CARDIOVASCULAR SYSTEMS","SCIE","1,198","1.6","Q3","0.49","99.09"%,
"Journal of Cardiothoracic Surgery","J CARDIOTHORAC SURG","BMC","N/A","1749-8090","CARDIAC & CARDIOVASCULAR SYSTEMS","SCIE","4,598","1.5","Q3","0.54","100"%,
"INTERNATIONAL JOURNAL OF CARDIOVASCULAR IMAGING","INT J CARDIOVAS IMAG","SPRINGER","1569-5794","1875-8312","CARDIAC & CARDIOVASCULAR SYSTEMS","SCIE","4,732","1.5","Q3","0.49","35.94"%,
"JOURNAL OF CARDIOVASCULAR SURGERY","J CARDIOVASC SURG","EDIZIONI MINERVA MEDICA","0021-9509","1827-191X","CARDIAC & CARDIOVASCULAR SYSTEMS","SCIE","1,870","1.5","Q3","0.45","5.96"%,
"HEART AND VESSELS","HEART VESSELS","SPRINGER","0910-8327","1615-2573","CARDIAC & CARDIOVASCULAR SYSTEMS","SCIE","2,969","1.5","Q3","0.41","18.7"%,
"Anatolian Journal of Cardiology","ANATOL J CARDIOL","KARE PUBL","2149-2263","2149-2271","CARDIAC & CARDIOVASCULAR SYSTEMS","SCIE","1,810","1.5","Q3","0.39","80.68"%,
"CVIR Endovascular","CVIR ENDOVASC","SPRINGERNATURE","N/A","2520-8934","CARDIAC & CARDIOVASCULAR SYSTEMS","ESCI","561","1.5","Q3","0.37","99.52"%,
"JRSM Cardiovascular Disease","JRSM CARDIOVASC DIS","SAGE PUBLICATIONS LTD","N/A","2048-0040","CARDIAC & CARDIOVASCULAR SYSTEMS","ESCI","369","1.5","Q3","0.33","76.92"%,
"Journal of Echocardiography","J ECHOCARDIOGR","SPRINGER JAPAN KK","1349-0222","1880-344X","CARDIAC & CARDIOVASCULAR SYSTEMS","ESCI","376","1.5","Q3","0.32","9.33"%,
"Heart and Mind","HEART MIND","WOLTERS KLUWER MEDKNOW PUBLICATIONS","2468-6476","2468-6484","CARDIAC & CARDIOVASCULAR SYSTEMS","ESCI","189","1.5","Q3","0.22","100"%,
"PEDIATRIC CARDIOLOGY","PEDIATR CARDIOL","SPRINGER","0172-0643","1432-1971","CARDIAC & CARDIOVASCULAR SYSTEMS","SCIE","5,618","1.4","Q3","0.55","15.25"%,
"THORACIC AND CARDIOVASCULAR SURGEON","THORAC CARDIOV SURG","GEORG THIEME VERLAG KG","0171-6425","1439-1902","CARDIAC & CARDIOVASCULAR SYSTEMS","SCIE","2,141","1.4","Q3","0.46","19.47"%,
"Egyptian Heart Journal","EGYPT HEART J","SPRINGER","1110-2608","2090-911X","CARDIAC & CARDIOVASCULAR SYSTEMS","ESCI","777","1.4","Q3","0.35","100"%,
"American Journal of Cardiovascular Disease","AM J CARDIOVASC DIS","E-CENTURY PUBLISHING CORP","2160-200X","2160-200X","CARDIAC & CARDIOVASCULAR SYSTEMS","ESCI","632","1.4","Q3","0.34","0"%,
"ECHOCARDIOGRAPHY-A JOURNAL OF CARDIOVASCULAR ULTRASOUND AND ALLIED TECHNIQUES","ECHOCARDIOGR-J CARD","WILEY","0742-2822","1540-8175","CARDIAC & CARDIOVASCULAR SYSTEMS","SCIE","3,909","1.4","Q3","0.34","19.36"%,
"JOURNAL OF INVASIVE CARDIOLOGY","J INVASIVE CARDIOL","H M P COMMUNICATIONS","1042-3931","1557-2501","CARDIAC & CARDIOVASCULAR SYSTEMS","SCIE","1,814","1.4","Q3","0.33","0"%,
"Cardiology Research","CARDIOL RES","ELMER PRESS INC","1923-2829","1923-2837","CARDIAC & CARDIOVASCULAR SYSTEMS","ESCI","567","1.4","Q3","0.32","100"%,
"Postepy w Kardiologii Interwencyjnej","POSTEP KARDIOL INTER","TERMEDIA PUBLISHING HOUSE LTD","1734-9338","1897-4295","CARDIAC & CARDIOVASCULAR SYSTEMS","SCIE","530","1.4","Q3","0.29","99.32"%,
"Cardiovascular Innovations and Applications","CARDIOVASC INNOV APP","COMPUSCRIPT","2009-8618","2009-8782","CARDIAC & CARDIOVASCULAR SYSTEMS","ESCI","209","1.4","Q3","0.22","99.34"%,
"Interdisciplinary Cardiovascular and Thoracic Surgery","INTERDISC CARDIOV TH","OXFORD UNIV PRESS","N/A","2753-670X","CARDIAC & CARDIOVASCULAR SYSTEMS","SCIE","304","1.3","Q3","0.51","99.21"%,
"JOURNAL OF CARDIAC SURGERY","J CARDIAC SURG","WILEY","0886-0440","1540-8191","CARDIAC & CARDIOVASCULAR SYSTEMS","SCIE","3,953","1.3","Q3","0.45","63.33"%,
"Annals of Thoracic and Cardiovascular Surgery","ANN THORAC CARDIOVAS","Int Acad Publishing Co Ltd","1341-1098","2186-1005","CARDIAC & CARDIOVASCULAR SYSTEMS","SCIE","1,209","1.3","Q3","0.44","99.39"%,
"General Thoracic and Cardiovascular Surgery","GEN THORAC CARDIOVAS","SPRINGER JAPAN KK","1863-6705","1863-6713","CARDIAC & CARDIOVASCULAR SYSTEMS","SCIE","2,209","1.3","Q3","0.41","14.85"%,
"Minerva Cardiology and Angiology","MINERVA CARDIOL ANGI","EDIZIONI MINERVA MEDICA","2724-5683","2724-5772","CARDIAC & CARDIOVASCULAR SYSTEMS","SCIE","609","1.3","Q3","0.39","4.38"%,
"International Heart Journal","INT HEART J","INT HEART JOURNAL ASSOC","1349-2365","1349-3299","CARDIAC & CARDIOVASCULAR SYSTEMS","SCIE","2,312","1.3","Q3","0.36","100"%,
"PACE-PACING AND CLINICAL ELECTROPHYSIOLOGY","PACE","WILEY","0147-8389","1540-8159","CARDIAC & CARDIOVASCULAR SYSTEMS","SCIE","5,157","1.3","Q3","0.32","21.66"%,
"Reviews in Cardiovascular Medicine","REV CARDIOVASC MED","IMR PRESS","1530-6550","2153-8174","CARDIAC & CARDIOVASCULAR SYSTEMS","SCIE","2,149","1.3","Q3","0.32","99.35"%,
"Journal of the Saudi Heart Association","J SAUDI HEART ASSOC","DIGITAL COMMONS BEPRESS","1016-7315","2212-5043","CARDIAC & CARDIOVASCULAR SYSTEMS","ESCI","520","1.3","Q3","0.27","98.11"%,
"Hipertension y Riesgo Vascular","HIPERTEN RIESGO VASC","ELSEVIER","1889-1837","1989-4805","CARDIAC & CARDIOVASCULAR SYSTEMS","ESCI","164","1.3","Q3","0.26","6.33"%,
"Brazilian Journal of Cardiovascular Surgery","BRAZ J CARDIOV SURG","SOC BRASIL CIRURGIA CARDIOVASC","0102-7638","1678-9741","CARDIAC & CARDIOVASCULAR SYSTEMS","SCIE","1,535","1.2","Q4","0.43","98.42"%,
"Journal of Electrocardiology","J ELECTROCARDIOL","CHURCHILL LIVINGSTONE INC MEDICAL PUBLISHERS","0022-0736","1532-8430","CARDIAC & CARDIOVASCULAR SYSTEMS","SCIE","2,860","1.2","Q4","0.34","16.51"%,
"International Journal of Cardiology Congenital Heart Disease","INT J CARDIOL CONGEN","ELSEVIER","2666-6685","2666-6685","CARDIAC & CARDIOVASCULAR SYSTEMS","ESCI","273","1.2","Q4","0.23","92.86"%,
"Congenital Heart Disease","CONGENIT HEART DIS","TECH SCIENCE PRESS","1747-079X","1747-0803","CARDIAC & CARDIOVASCULAR SYSTEMS","SCIE","1,893","1.2","Q4","0.22","100"%,
"Cardiovascular Endocrinology & Metabolism","CARDIOVASC ENDOCR ME","LIPPINCOTT WILLIAMS & WILKINS","2574-0954","2574-0954","CARDIAC & CARDIOVASCULAR SYSTEMS","ESCI","238","1.1","Q4","0.32","100"%,
"Circulation Reports","CIRC REP","JAPANESE CIRCULATION SOC","N/A","2434-0790","CARDIAC & CARDIOVASCULAR SYSTEMS","ESCI","481","1.1","Q4","0.31","100"%,
"PERFUSION-UK","PERFUSION-UK","SAGE PUBLICATIONS LTD","0267-6591","1477-111X","CARDIAC & CARDIOVASCULAR SYSTEMS","SCIE","2,226","1.1","Q4","0.29","14.05"%,
"REC-Interventional Cardiology","REC-INTERV CARDIOL","PERMANYER PUBL","2604-7306","2604-7276","CARDIAC & CARDIOVASCULAR SYSTEMS","ESCI","143","1.1","Q4","0.23","84.55"%,
"Journal of Chest Surgery","J CHEST SURG","KTCVS","2765-1606","2765-1614","CARDIAC & CARDIOVASCULAR SYSTEMS","ESCI","238","1","Q4","0.36","98.99"%,
"ANNALS OF NONINVASIVE ELECTROCARDIOLOGY","ANN NONINVAS ELECTRO","WILEY","1082-720X","1542-474X","CARDIAC & CARDIOVASCULAR SYSTEMS","SCIE","1,818","1","Q4","0.33","79.4"%,
"SCANDINAVIAN CARDIOVASCULAR JOURNAL","SCAND CARDIOVASC J","TAYLOR & FRANCIS LTD","1401-7431","1651-2006","CARDIAC & CARDIOVASCULAR SYSTEMS","SCIE","1,128","1","Q4","0.33","99.24"%,
"Future Cardiology","FUTUR CARDIOL","TAYLOR & FRANCIS LTD","1479-6678","1744-8298","CARDIAC & CARDIOVASCULAR SYSTEMS","ESCI","1,117","1","Q4","0.29","13.66"%,
"World Journal for Pediatric and Congenital Heart Surgery","WORLD J PEDIATR CONG","SAGE PUBLICATIONS INC","2150-1351","2150-0136","CARDIAC & CARDIOVASCULAR SYSTEMS","ESCI","1,313","1","Q4","0.28","5.43"%,
"Journal of Cardiovascular Echography","J CARDIOVASC ECHOGR","WOLTERS KLUWER MEDKNOW PUBLICATIONS","2211-4122","2347-193X","CARDIAC & CARDIOVASCULAR SYSTEMS","ESCI","353","1","Q4","0.21","14.88"%,
"COR ET VASA","COR VASA","CZECH SOC CARDIOLOGY & CZECH SOC CARDIOVASCULAR SURGERY","0010-8650","1803-7712","CARDIAC & CARDIOVASCULAR SYSTEMS","ESCI","362","0.9","Q4","0.43","95.58"%,
"HERZ","HERZ","URBAN & VOGEL","0340-9937","1615-6692","CARDIAC & CARDIOVASCULAR SYSTEMS","SCIE","1,304","0.9","Q4","0.29","13.29"%,
"Cardiogenetics","CARDIOGENETICS","MDPI","2035-8253","2035-8148","CARDIAC & CARDIOVASCULAR SYSTEMS","ESCI","60","0.9","Q4","0.23","100"%,
"TEXAS HEART INSTITUTE JOURNAL","TEX HEART I J","TEXAS HEART INST","0730-2347","1526-6702","CARDIAC & CARDIOVASCULAR SYSTEMS","SCIE","1,876","0.9","Q4","0.21","96.85"%,
"Cardiology Discovery","CARDIOL DISCOV","LIPPINCOTT WILLIAMS & WILKINS","2096-952X","2693-8499","CARDIAC & CARDIOVASCULAR SYSTEMS","ESCI","91","0.9","Q4","0.2","100"%,
"Journal of Cardiovascular Emergencies","J CARDIOVASC EMERG","SCIENDO","2457-5518","2457-550X","CARDIAC & CARDIOVASCULAR SYSTEMS","ESCI","59","0.8","Q4","0.26","100"%,
"Kardiologie","KARDIOLOGIE","SPRINGER HEIDELBERG","2731-7129","2731-7137","CARDIAC & CARDIOVASCULAR SYSTEMS","ESCI","189","0.8","Q4","0.24","7.58"%,
"European Heart Journal-Case Reports","EUR HEART J-CASE REP","OXFORD UNIV PRESS","N/A","2514-2119","CARDIAC & CARDIOVASCULAR SYSTEMS","ESCI","1,549","0.8","Q4","0.2","97.36"%,
"Cardiothoracic Surgeon","CARDIOTHORAC SURG","SPRINGERNATURE","2636-333X","2662-2203","CARDIAC & CARDIOVASCULAR SYSTEMS","ESCI","100","0.8","Q4","0.17","100"%,
"CARDIOLOGY IN THE YOUNG","CARDIOL YOUNG","CAMBRIDGE UNIV PRESS","1047-9511","1467-1107","CARDIAC & CARDIOVASCULAR SYSTEMS","SCIE","3,724","0.7","Q4","0.31","23.68"%,
"Journal Of Cardiovascular and Thoracic Research","J CARDIOVASC THORAC","TABRIZ UNIV MEDICAL SCIENCES & HEALTH SERVICES","2008-5117","2008-6830","CARDIAC & CARDIOVASCULAR SYSTEMS","ESCI","569","0.7","Q4","0.26","96.72"%,
"Annals of Pediatric Cardiology","ANN PEDIAT CARDIOL","WOLTERS KLUWER MEDKNOW PUBLICATIONS","0974-2069","0974-5149","CARDIAC & CARDIOVASCULAR SYSTEMS","ESCI","841","0.7","Q4","0.21","100"%,
"Cardiovascular Journal of Africa","CARDIOVASC J AFR","CLINICS CARDIVE PUBL PTY LTD","1995-1892","1680-0745","CARDIAC & CARDIOVASCULAR SYSTEMS","SCIE","1,157","0.7","Q4","0.19","0"%,
"ARCHIVOS DE CARDIOLOGIA DE MEXICO","ARCH CARDIOL MEX","INST NACIONAL CARDIOLOGIA IGNACIO CHAVEZ","1405-9940","1405-9940","CARDIAC & CARDIOVASCULAR SYSTEMS","ESCI","395","0.7","Q4","0.17","98.5"%,
"Vessel Plus","VESSEL PLUS","OAE PUBLISHING INC","N/A","2574-1209","CARDIAC & CARDIOVASCULAR SYSTEMS","ESCI","252","0.7","Q4","0.17","97.76"%,
"HEART SURGERY FORUM","HEART SURG FORUM","FORUM MULTIMEDIA PUBLISHING, LLC","1098-3511","1522-6662","CARDIAC & CARDIOVASCULAR SYSTEMS","SCIE","890","0.6","Q4","0.22","97.68"%,
"Current Treatment Options in Cardiovascular Medicine","CURR TREAT OPT CARD","SPRINGERNATURE","1092-8464","1534-3189","CARDIAC & CARDIOVASCULAR SYSTEMS","ESCI","1,035","0.6","Q4","0.2","19.61"%,
"Turk Kardiyoloji Dernegi Arsivi-Archives of the Turkish Society of Cardiology","TURK KARDIYOL DERN A","KARE PUBL","1016-5169","1308-4488","CARDIAC & CARDIOVASCULAR SYSTEMS","ESCI","696","0.6","Q4","0.2","66.1"%,
"ASIAN CARDIOVASCULAR & THORACIC ANNALS","ASIAN CARD THORAC AN","SAGE PUBLICATIONS INC","0218-4923","1816-5370","CARDIAC & CARDIOVASCULAR SYSTEMS","ESCI","1,118","0.6","Q4","0.17","4.19"%,
"Indian Journal of Thoracic and Cardiovascular Surgery","INDIAN J THORAC CARD","SPRINGER INDIA","0970-9134","0973-7723","CARDIAC & CARDIOVASCULAR SYSTEMS","ESCI","724","0.6","Q4","0.15","9.31"%,
"ARYA Atherosclerosis","ARYA ATHEROSCLER","ISFAHAN UNIV MEDICAL SCIENCES, ISFAHAN CARDIOVASCULAR RES CENTER","1735-3955","2251-6638","CARDIAC & CARDIOVASCULAR SYSTEMS","ESCI","600","0.6","Q4","0.12","0"%,
"Case Reports in Cardiology","CASE REP CARDIOL","WILEY","2090-6404","2090-6412","CARDIAC & CARDIOVASCULAR SYSTEMS","ESCI","439","0.5","Q4","0.16","100"%,
"Research Reports in Clinical Cardiology","RES REP CLIN CARDIOL","DOVE MEDICAL PRESS LTD","1179-8475","1179-8475","CARDIAC & CARDIOVASCULAR SYSTEMS","ESCI","83","0.5","Q4","0.16","100"%,
"KARDIOLOGIYA","KARDIOLOGIYA","RUSSIAN HEART FAILURE SOC","0022-9040","N/A","CARDIAC & CARDIOVASCULAR SYSTEMS","SCIE","597","0.5","Q4","0.15","33.33"%,
"Heart Views","HEART VIEWS","WOLTERS KLUWER MEDKNOW PUBLICATIONS","1995-705X","0976-5123","CARDIAC & CARDIOVASCULAR SYSTEMS","ESCI","465","0.5","Q4","0.12","100"%,
"Open Cardiovascular Medicine Journal","OPEN CARDIOVASC MED","BENTHAM SCIENCE PUBL LTD","N/A","1874-1924","CARDIAC & CARDIOVASCULAR SYSTEMS","ESCI","354","0.4","Q4","0.07","94.12"%,
"Pakistan Heart Journal","PAK HEART J","PAKISTAN CARDIAC SOC","0048-2706","2227-9199","CARDIAC & CARDIOVASCULAR SYSTEMS","ESCI","108","0.4","Q4","0.04","93.65"%,
"Rational Pharmacotherapy in Cardiology","RATION PHARMACOTHER","SOC CARDIOLOGY RUSSIAN FEDERAT","1819-6446","2225-3653","CARDIAC & CARDIOVASCULAR SYSTEMS","ESCI","165","0.3","Q4","0.07","90.79"%,
"Journal of the Practice of Cardiovascular Sciences","J PRACT CARDIOVASC S","WOLTERS KLUWER MEDKNOW PUBLICATIONS","2395-5414","2454-2830","CARDIAC & CARDIOVASCULAR SYSTEMS","ESCI","201","0.3","Q4","0.06","100"%,
"Indian Journal of Vascular and Endovascular Surgery","INDIAN J VASCULAR EN","WOLTERS KLUWER MEDKNOW PUBLICATIONS","0972-0820","2394-0999","CARDIAC & CARDIOVASCULAR SYSTEMS","ESCI","90","0.2","Q4","0.05","89.52"%,
"Revista de la Federacion Argentina de Cardiologia","REV FED ARGENT CARDI","FEDERACION ARGENTINA CARDIOLOGIA","0326-646X","1666-5694","CARDIAC & CARDIOVASCULAR SYSTEMS","ESCI","45","0.2","Q4","0.05","0"%,
"Iranian Heart Journal","IRAN HEART J","IRANIAN HEART ASSOC","1735-7306","1735-7306","CARDIAC & CARDIOVASCULAR SYSTEMS","ESCI","77","0.1","Q4","0.04","0.6"%,
"General Thoracic and Cardiovascular Surgery Cases","GEN TH CARD SURG CAS","SPRINGERNATURE","N/A","2731-6203","CARDIAC & CARDIOVASCULAR SYSTEMS","ESCI","11","0.1","Q4","0.03","100"%,
"Nepalese Heart Journal","NEPAL HEART J","CARDIAC SOC NEPAL","2091-2978","2091-2978","CARDIAC & CARDIOVASCULAR SYSTEMS","ESCI","32","0.1","Q4","0.03","97.14"%,
"Aktuelle Kardiologie","AKTUELLE KARDIOL","GEORG THIEME VERLAG KG","2193-5203","2193-5211","CARDIAC & CARDIOVASCULAR SYSTEMS","ESCI","21","0.1","Q4","0.02","1.49"%,
"Research in Cardiovascular Medicine","RES CARDIOVASC MED","WOLTERS KLUWER MEDKNOW PUBLICATIONS","2251-9572","2251-9580","CARDIAC & CARDIOVASCULAR SYSTEMS","ESCI","142","0.1","Q4","0.02","100"%,
"Zeitschrift fur Herz Thorax und Gefasschirurgie","Z HERZ THORAX GEFASS","SPRINGER HEIDELBERG","0930-9225","1435-1277","CARDIAC & CARDIOVASCULAR SYSTEMS","ESCI","28","0.1","Q4","0.02","7.46"%,
"International Cardiovascular Research Journal","INT CARDIOVASC RES J","SHIRAZ UNIV MEDICAL SCIENCES, CARDIOVASCULAR RESEARCH CENTER","2251-9130","2251-9149","CARDIAC & CARDIOVASCULAR SYSTEMS","ESCI","119","<0.1","Q4","0.05","14.89"%,
"Journal fur Kardiologie","J KARDIOL","KRAUSE & PACHERNEGG GMBH","1024-0098","1680-936X","CARDIAC & CARDIOVASCULAR SYSTEMS","ESCI","21","<0.1","Q4","0.02","0"%,
"Journal fur Hypertonie","J HYPERTON","KRAUSE & PACHERNEGG GMBH","1028-2327","1680-9378","CARDIAC & CARDIOVASCULAR SYSTEMS","ESCI","3","<0.1","Q4","0.01","0"%,

Copyright (c) 2025 Clarivate 
By exporting the selected data; you agree to the data usage policy set forth in the Terms of Use 
