"Journal Data Filtered By:  Selected Categories: COMPUTER SCIENCE, INTERDISCIPLINARY APPLICATIONS Selected Editions: SCIE;SSCI;AHCI;ESCI Selected JCR Year: 2024 Selected Category Schema: WOS Selected Open Access: N Indicator: Default"

Journal name,JCR Abbreviation,Publisher,ISSN,eISSN,Category,Edition,Total Citations,2024 JIF,JIF Quartile,2024 JCI,% of Citable OA
"Nature Machine Intelligence","NAT MACH INTELL","NATURE PORTFOLIO","N/A","2522-5839","COMPUTER SCIENCE, INTERDISCIPLINARY APPLICATIONS","SCIE","15,338","23.9","Q1","3.92","28.12"%,
"Nature Computational Science","NAT COMPUT SCI","SPRINGERNATURE","N/A","2662-8457","COMPUTER SCIENCE, INTERDISCIPLINARY APPLICATIONS","SCIE","4,046","18.3","Q1","3.23","29.15"%,
"AI Open","AI OPEN","KEAI PUBLISHING LTD","N/A","2666-6510","COMPUTER SCIENCE, INTERDISCIPLINARY APPLICATIONS","ESCI","2,046","14.8","Q1","2.16","100"%,
"ARCHIVES OF COMPUTATIONAL METHODS IN ENGINEERING","ARCH COMPUT METHOD E","SPRINGER","1134-3060","1886-1784","COMPUTER SCIENCE, INTERDISCIPLINARY APPLICATIONS","SCIE","11,552","12.1","Q1","1.41","17.67"%,
"MEDICAL IMAGE ANALYSIS","MED IMAGE ANAL","ELSEVIER","1361-8415","1361-8423","COMPUTER SCIENCE, INTERDISCIPLINARY APPLICATIONS","SCIE","24,169","11.8","Q1","2.56","31.5"%,
"Journal of Industrial Information Integration","J IND INF INTEGR","ELSEVIER","2467-964X","2452-414X","COMPUTER SCIENCE, INTERDISCIPLINARY APPLICATIONS","SCIE","4,405","11.6","Q1","2.06","26.92"%,
"ROBOTICS AND COMPUTER-INTEGRATED MANUFACTURING","ROBOT CIM-INT MANUF","PERGAMON-ELSEVIER SCIENCE LTD","0736-5845","1879-2537","COMPUTER SCIENCE, INTERDISCIPLINARY APPLICATIONS","SCIE","13,324","11.4","Q1","2.02","18.18"%,
"COMPUTERS & EDUCATION","COMPUT EDUC","PERGAMON-ELSEVIER SCIENCE LTD","0360-1315","1873-782X","COMPUTER SCIENCE, INTERDISCIPLINARY APPLICATIONS","SCIE","28,978","10.5","Q1","3.4","33.33"%,
"IEEE Transactions on Industrial Informatics","IEEE T IND INFORM","IEEE-INST ELECTRICAL ELECTRONICS ENGINEERS INC","1551-3203","1941-0050","COMPUTER SCIENCE, INTERDISCIPLINARY APPLICATIONS","SCIE","59,854","9.9","Q1","2.27","3.66"%,
"IEEE TRANSACTIONS ON MEDICAL IMAGING","IEEE T MED IMAGING","IEEE-INST ELECTRICAL ELECTRONICS ENGINEERS INC","0278-0062","1558-254X","COMPUTER SCIENCE, INTERDISCIPLINARY APPLICATIONS","SCIE","36,851","9.8","Q1","2.27","13.82"%,
"Foundations and Trends in Computer Graphics and Vision","FOUND TRENDS COMPUT","NOW PUBLISHERS INC","1572-2740","1572-2759","COMPUTER SCIENCE, INTERDISCIPLINARY APPLICATIONS","ESCI","458","9.3","Q1","1.63","91.67"%,
"COMPUTERS IN INDUSTRY","COMPUT IND","ELSEVIER","0166-3615","1872-6194","COMPUTER SCIENCE, INTERDISCIPLINARY APPLICATIONS","SCIE","10,975","9.1","Q1","1.77","35.58"%,
"COMPUTER-AIDED CIVIL AND INFRASTRUCTURE ENGINEERING","COMPUT-AIDED CIV INF","WILEY","1093-9687","1467-8667","COMPUTER SCIENCE, INTERDISCIPLINARY APPLICATIONS","SCIE","9,967","9.1","Q1","1.74","51.69"%,
"COMPUTERS AND ELECTRONICS IN AGRICULTURE","COMPUT ELECTRON AGR","ELSEVIER SCI LTD","0168-1699","1872-7107","COMPUTER SCIENCE, INTERDISCIPLINARY APPLICATIONS","SCIE","48,417","8.9","Q1","2.06","15.55"%,
"International Journal of Artificial Intelligence in Education","INT J ARTIF INTELL E","SPRINGER","1560-4292","1560-4306","COMPUTER SCIENCE, INTERDISCIPLINARY APPLICATIONS","ESCI","2,782","8.5","Q1","1.18","50"%,
"IEEE Open Journal of the Computer Society","IEEE OPEN J COMP SOC","IEEE-INST ELECTRICAL ELECTRONICS ENGINEERS INC","N/A","2644-1268","COMPUTER SCIENCE, INTERDISCIPLINARY APPLICATIONS","ESCI","810","8.2","Q1","1.53","96.46"%,
"Journal of Statistical Software","J STAT SOFTW","JOURNAL STATISTICAL SOFTWARE","1548-7660","1548-7660","COMPUTER SCIENCE, INTERDISCIPLINARY APPLICATIONS","SCIE","46,346","8.1","Q1","2.66","93.44"%,
"JOURNAL OF NETWORK AND COMPUTER APPLICATIONS","J NETW COMPUT APPL","ACADEMIC PRESS LTD- ELSEVIER SCIENCE LTD","1084-8045","1095-8592","COMPUTER SCIENCE, INTERDISCIPLINARY APPLICATIONS","SCIE","11,091","8","Q1","1.55","15.48"%,
"ACM Transactions on Computing for Healthcare","ACM T COMPUT HEALTHC","ASSOC COMPUTING MACHINERY","2691-1957","2637-8051","COMPUTER SCIENCE, INTERDISCIPLINARY APPLICATIONS","ESCI","801","8","Q1","1.38","9.78"%,
"Information Processing in Agriculture","INFORM PROCESS AGR","ELSEVIER","2214-3173","2214-3173","COMPUTER SCIENCE, INTERDISCIPLINARY APPLICATIONS","SCIE","2,704","7.4","Q1","2.03","96.24"%,
"Patterns","PATTERNS","CELL PRESS","2666-3899","2666-3899","COMPUTER SCIENCE, INTERDISCIPLINARY APPLICATIONS","ESCI","3,646","7.4","Q1","1.29","94.6"%,
"Intelligent Medicine","INTEL MED","ELSEVIER","2667-1026","2667-1026","COMPUTER SCIENCE, INTERDISCIPLINARY APPLICATIONS","ESCI","448","6.9","Q1","0.85","100"%,
"IEEE Journal of Biomedical and Health Informatics","IEEE J BIOMED HEALTH","IEEE-INST ELECTRICAL ELECTRONICS ENGINEERS INC","2168-2194","2168-2208","COMPUTER SCIENCE, INTERDISCIPLINARY APPLICATIONS","SCIE","20,045","6.8","Q1","1.84","10.98"%,
"APPLIED SOFT COMPUTING","APPL SOFT COMPUT","ELSEVIER","1568-4946","1872-9681","COMPUTER SCIENCE, INTERDISCIPLINARY APPLICATIONS","SCIE","48,350","6.6","Q1","1.34","6.9"%,
"Computers & Industrial Engineering","COMPUT IND ENG","PERGAMON-ELSEVIER SCIENCE LTD","0360-8352","1879-0550","COMPUTER SCIENCE, INTERDISCIPLINARY APPLICATIONS","SCIE","37,818","6.5","Q1","1.24","10.35"%,
"COMPUTERS IN BIOLOGY AND MEDICINE","COMPUT BIOL MED","PERGAMON-ELSEVIER SCIENCE LTD","0010-4825","1879-0534","COMPUTER SCIENCE, INTERDISCIPLINARY APPLICATIONS","SCIE","33,200","6.3","Q1","1.65","18.51"%,
"Electronic Commerce Research and Applications","ELECTRON COMMER R A","ELSEVIER","1567-4223","1873-7846","COMPUTER SCIENCE, INTERDISCIPLINARY APPLICATIONS","SCIE","5,933","6.3","Q1","1.33","9.43"%,
"COMPUTERS AND GEOTECHNICS","COMPUT GEOTECH","ELSEVIER SCI LTD","0266-352X","1873-7633","COMPUTER SCIENCE, INTERDISCIPLINARY APPLICATIONS","SCIE","29,369","6.2","Q1","1.4","11.44"%,
"Journal of Computational Design and Engineering","J COMPUT DES ENG","OXFORD UNIV PRESS","N/A","2288-5048","COMPUTER SCIENCE, INTERDISCIPLINARY APPLICATIONS","SCIE","3,248","6.1","Q1","1.45","94.86"%,
"Machine Learning and Knowledge Extraction","MACH LEARN KNOW EXTR","MDPI","N/A","2504-4990","COMPUTER SCIENCE, INTERDISCIPLINARY APPLICATIONS","ESCI","1,846","6","Q1","0.9","100"%,
"Visual Computing for Industry Biomedicine and Art","VIS COMPUT IND BIOME","SPRINGER SINGAPORE PTE LTD","N/A","2524-4442","COMPUTER SCIENCE, INTERDISCIPLINARY APPLICATIONS","ESCI","702","6","Q1","0.82","100"%,
"Computers and Education Open","COMPUT EDUC OPEN","ELSEVIER","2666-5573","2666-5573","COMPUTER SCIENCE, INTERDISCIPLINARY APPLICATIONS","ESCI","951","5.7","Q1","1.54","90.59"%,
"Journal of Cheminformatics","J CHEMINFORMATICS","BMC","1758-2946","1758-2946","COMPUTER SCIENCE, INTERDISCIPLINARY APPLICATIONS","SCIE","11,388","5.7","Q1","1.44","99.7"%,
"ADVANCES IN ENGINEERING SOFTWARE","ADV ENG SOFTW","ELSEVIER SCI LTD","0965-9978","1873-5339","COMPUTER SCIENCE, INTERDISCIPLINARY APPLICATIONS","SCIE","11,982","5.7","Q1","1.34","12.08"%,
"Blockchain-Research and Applications","BLOCKCHAIN-RES APPL","ELSEVIER","2096-7209","2096-7209","COMPUTER SCIENCE, INTERDISCIPLINARY APPLICATIONS","ESCI","754","5.6","Q1","1.42","99.21"%,
"Digital Discovery","DIGIT DISCOV","ROYAL SOC CHEMISTRY","N/A","2635-098X","COMPUTER SCIENCE, INTERDISCIPLINARY APPLICATIONS","ESCI","1,670","5.6","Q1","1.04","100"%,
"COMPUTATIONAL LINGUISTICS","COMPUT LINGUIST","MIT PRESS","0891-2017","1530-9312","COMPUTER SCIENCE, INTERDISCIPLINARY APPLICATIONS","SCIE","2,655","5.3","Q1","2.69","93.81"%,
"INTEGRATED COMPUTER-AIDED ENGINEERING","INTEGR COMPUT-AID E","IOS PRESS","1069-2509","1875-8835","COMPUTER SCIENCE, INTERDISCIPLINARY APPLICATIONS","SCIE","735","5.3","Q1","1.35","29.17"%,
"Journal of Chemical Information and Modeling","J CHEM INF MODEL","AMER CHEMICAL SOC","1549-9596","1549-960X","COMPUTER SCIENCE, INTERDISCIPLINARY APPLICATIONS","SCIE","39,656","5.3","Q1","1.31","27.66"%,
"JOURNAL OF COMPUTING IN CIVIL ENGINEERING","J COMPUT CIVIL ENG","ASCE-AMER SOC CIVIL ENGINEERS","0887-3801","1943-5487","COMPUTER SCIENCE, INTERDISCIPLINARY APPLICATIONS","SCIE","5,587","5.2","Q1","1.15","3.59"%,
"VIRTUAL REALITY","VIRTUAL REAL-LONDON","SPRINGER LONDON LTD","1359-4338","1434-9957","COMPUTER SCIENCE, INTERDISCIPLINARY APPLICATIONS","SCIE","4,458","5","Q1","0.99","69"%,
"AI","AI-BASEL","MDPI","N/A","2673-2688","COMPUTER SCIENCE, INTERDISCIPLINARY APPLICATIONS","ESCI","941","5","Q1","0.7","100"%,
"IEEE Transactions on Learning Technologies","IEEE T LEARN TECHNOL","IEEE COMPUTER SOC","1939-1382","1939-1382","COMPUTER SCIENCE, INTERDISCIPLINARY APPLICATIONS","SCIE","3,043","4.9","Q1","1.43","15.38"%,
"ENGINEERING WITH COMPUTERS","ENG COMPUT-GERMANY","SPRINGER","0177-0667","1435-5663","COMPUTER SCIENCE, INTERDISCIPLINARY APPLICATIONS","SCIE","9,274","4.9","Q1","1.24","25.61"%,
"Machine Learning with Applications","MACH LEARN APPL-NETH","ELSEVIER","N/A","2666-8270","COMPUTER SCIENCE, INTERDISCIPLINARY APPLICATIONS","ESCI","2,369","4.9","Q1","1.04","93.62"%,
"COMPUTERS & ELECTRICAL ENGINEERING","COMPUT ELECTR ENG","PERGAMON-ELSEVIER SCIENCE LTD","0045-7906","1879-0755","COMPUTER SCIENCE, INTERDISCIPLINARY APPLICATIONS","SCIE","13,365","4.9","Q1","1.03","4.91"%,
"Computer Methods and Programs in Biomedicine","COMPUT METH PROG BIO","ELSEVIER IRELAND LTD","0169-2607","1872-7565","COMPUTER SCIENCE, INTERDISCIPLINARY APPLICATIONS","SCIE","20,677","4.8","Q2","1.1","27.74"%,
"COMPUTERS & STRUCTURES","COMPUT STRUCT","PERGAMON-ELSEVIER SCIENCE LTD","0045-7949","1879-2243","COMPUTER SCIENCE, INTERDISCIPLINARY APPLICATIONS","SCIE","16,917","4.8","Q2","1.01","23.09"%,
"INDUSTRIAL MANAGEMENT & DATA SYSTEMS","IND MANAGE DATA SYST","EMERALD GROUP PUBLISHING LTD","0263-5577","1758-5783","COMPUTER SCIENCE, INTERDISCIPLINARY APPLICATIONS","SCIE","8,750","4.7","Q2","0.82","3.28"%,
"JOURNAL OF THE AMERICAN MEDICAL INFORMATICS ASSOCIATION","J AM MED INFORM ASSN","OXFORD UNIV PRESS","1067-5027","1527-974X","COMPUTER SCIENCE, INTERDISCIPLINARY APPLICATIONS","SCIE","16,125","4.6","Q2","1.24","35.5"%,
"SIMULATION MODELLING PRACTICE AND THEORY","SIMUL MODEL PRACT TH","ELSEVIER","1569-190X","1878-1462","COMPUTER SCIENCE, INTERDISCIPLINARY APPLICATIONS","SCIE","4,758","4.6","Q2","1.04","14.62"%,
"Machine Learning-Science and Technology","MACH LEARN-SCI TECHN","IOP Publishing Ltd","N/A","2632-2153","COMPUTER SCIENCE, INTERDISCIPLINARY APPLICATIONS","SCIE","3,413","4.6","Q2","1","99.68"%,
"ENVIRONMENTAL MODELLING & SOFTWARE","ENVIRON MODELL SOFTW","ELSEVIER SCI LTD","1364-8152","1873-6726","COMPUTER SCIENCE, INTERDISCIPLINARY APPLICATIONS","SCIE","18,364","4.6","Q2","0.89","37.09"%,
"JOURNAL OF BIOMEDICAL INFORMATICS","J BIOMED INFORM","ACADEMIC PRESS INC ELSEVIER SCIENCE","1532-0464","1532-0480","COMPUTER SCIENCE, INTERDISCIPLINARY APPLICATIONS","SCIE","18,947","4.5","Q2","0.93","34.32"%,
"MATHEMATICS AND COMPUTERS IN SIMULATION","MATH COMPUT SIMULAT","ELSEVIER","0378-4754","1872-7166","COMPUTER SCIENCE, INTERDISCIPLINARY APPLICATIONS","SCIE","10,151","4.4","Q2","1.67","10.93"%,
"COMPUTERS & GEOSCIENCES","COMPUT GEOSCI-UK","PERGAMON-ELSEVIER SCIENCE LTD","0098-3004","1873-7803","COMPUTER SCIENCE, INTERDISCIPLINARY APPLICATIONS","SCIE","15,497","4.4","Q2","0.81","23.11"%,
"Intelligent Systems with Applications","INTELL SYST APPL","ELSEVIER","N/A","2667-3053","COMPUTER SCIENCE, INTERDISCIPLINARY APPLICATIONS","ESCI","1,369","4.3","Q2","0.83","97.95"%,
"COMPUTERS & OPERATIONS RESEARCH","COMPUT OPER RES","PERGAMON-ELSEVIER SCIENCE LTD","0305-0548","1873-765X","COMPUTER SCIENCE, INTERDISCIPLINARY APPLICATIONS","SCIE","18,099","4.3","Q2","0.81","25"%,
"Computers","COMPUTERS","MDPI","2073-431X","2073-431X","COMPUTER SCIENCE, INTERDISCIPLINARY APPLICATIONS","ESCI","3,255","4.2","Q2","0.73","100"%,
"STRUCTURAL AND MULTIDISCIPLINARY OPTIMIZATION","STRUCT MULTIDISCIP O","SPRINGER","1615-147X","1615-1488","COMPUTER SCIENCE, INTERDISCIPLINARY APPLICATIONS","SCIE","16,637","4","Q2","0.96","20.78"%,
"INTERNATIONAL JOURNAL OF COMPUTER INTEGRATED MANUFACTURING","INT J COMPUT INTEG M","TAYLOR & FRANCIS LTD","0951-192X","1362-3052","COMPUTER SCIENCE, INTERDISCIPLINARY APPLICATIONS","SCIE","3,428","4","Q2","0.7","17.22"%,
"Visual Informatics","VIS INFORM","ELSEVIER","2468-502X","2468-502X","COMPUTER SCIENCE, INTERDISCIPLINARY APPLICATIONS","ESCI","628","3.9","Q2","0.83","98.96"%,
"Foundations and Trends in Communications and Information Theory","FOUND TRENDS COMMUN","NOW PUBLISHERS INC","1567-2190","1567-2328","COMPUTER SCIENCE, INTERDISCIPLINARY APPLICATIONS","ESCI","506","3.9","Q2","0.72","0"%,
"COMPUTERS & CHEMICAL ENGINEERING","COMPUT CHEM ENG","PERGAMON-ELSEVIER SCIENCE LTD","0098-1354","1873-4375","COMPUTER SCIENCE, INTERDISCIPLINARY APPLICATIONS","SCIE","16,612","3.9","Q2","0.71","22.39"%,
"JOURNAL OF COMPUTATIONAL PHYSICS","J COMPUT PHYS","ACADEMIC PRESS INC ELSEVIER SCIENCE","0021-9991","1090-2716","COMPUTER SCIENCE, INTERDISCIPLINARY APPLICATIONS","SCIE","73,527","3.8","Q2","1.17","19.76"%,
"Journal of Computational Science","J COMPUT SCI-NETH","ELSEVIER","1877-7503","1877-7511","COMPUTER SCIENCE, INTERDISCIPLINARY APPLICATIONS","SCIE","5,101","3.7","Q2","0.84","21.55"%,
"Cybersecurity","CYBERSECURITY","SPRINGERNATURE","2523-3246","2523-3246","COMPUTER SCIENCE, INTERDISCIPLINARY APPLICATIONS","ESCI","1,003","3.7","Q2","0.8","99.4"%,
"Intelligent Computing","INTELL COMPUT-WASH","AMER ASSOC ADVANCEMENT SCIENCE","N/A","2771-5892","COMPUTER SCIENCE, INTERDISCIPLINARY APPLICATIONS","ESCI","226","3.7","Q2","0.7","95.29"%,
"Statistical Analysis and Data Mining-An Asa Data Science Journal","STAT ANAL DATA MIN","WILEY","1932-1864","1932-1872","COMPUTER SCIENCE, INTERDISCIPLINARY APPLICATIONS","SCIE","946","3.6","Q2","0.66","31.25"%,
"Systems and Soft Computing","SYST SOFT COMPUT","ELSEVIER","N/A","2772-9419","COMPUTER SCIENCE, INTERDISCIPLINARY APPLICATIONS","ESCI","216","3.6","Q2","0.62","98.61"%,
"Journal of Informetrics","J INFORMETR","ELSEVIER","1751-1577","1875-5879","COMPUTER SCIENCE, INTERDISCIPLINARY APPLICATIONS","SCIE","7,854","3.5","Q2","0.9","16.31"%,
"SCIENTOMETRICS","SCIENTOMETRICS","SPRINGER","0138-9130","1588-2861","COMPUTER SCIENCE, INTERDISCIPLINARY APPLICATIONS","SCIE","21,943","3.5","Q2","0.86","34.18"%,
"ACM Transactions on Accessible Computing","ACM T ACCESS COMPUT","ASSOC COMPUTING MACHINERY","1936-7228","1936-7236","COMPUTER SCIENCE, INTERDISCIPLINARY APPLICATIONS","ESCI","796","3.5","Q2","0.65","5.13"%,
"COMPUTER PHYSICS COMMUNICATIONS","COMPUT PHYS COMMUN","ELSEVIER","0010-4655","1879-2944","COMPUTER SCIENCE, INTERDISCIPLINARY APPLICATIONS","SCIE","37,074","3.4","Q2","1.74","29.61"%,
"IEEE-ACM Transactions on Computational Biology and Bioinformatics","IEEE ACM T COMPUT BI","IEEE COMPUTER SOC","1545-5963","1557-9964","COMPUTER SCIENCE, INTERDISCIPLINARY APPLICATIONS","SCIE","6,417","3.4","Q2","1.5","7.64"%,
"Computers and Concrete","COMPUT CONCRETE","TECHNO-PRESS","1598-8198","1598-818X","COMPUTER SCIENCE, INTERDISCIPLINARY APPLICATIONS","SCIE","2,386","3.3","Q2","0.72","0"%,
"JOURNAL OF COMPUTING AND INFORMATION SCIENCE IN ENGINEERING","J COMPUT INF SCI ENG","ASME","1530-9827","1944-7078","COMPUTER SCIENCE, INTERDISCIPLINARY APPLICATIONS","SCIE","2,160","3.3","Q2","0.69","1.29"%,
"Applied Computing and Geosciences","APPL COMPUT GEOSCI","ELSEVIER","2590-1974","2590-1974","COMPUTER SCIENCE, INTERDISCIPLINARY APPLICATIONS","ESCI","375","3.2","Q2","0.68","95.15"%,
"Computational Urban Science","COMPUT URBAN SCI","SPRINGERNATURE","N/A","2730-6852","COMPUTER SCIENCE, INTERDISCIPLINARY APPLICATIONS","ESCI","417","3.2","Q2","0.58","99.24"%,
"Artificial Intelligence and Law","ARTIF INTELL LAW","SPRINGER","0924-8463","1572-8382","COMPUTER SCIENCE, INTERDISCIPLINARY APPLICATIONS","SCIE","895","3.1","Q2","1.69","47.41"%,
"Molecular Informatics","MOL INFORM","WILEY-V C H VERLAG GMBH","1868-1743","1868-1751","COMPUTER SCIENCE, INTERDISCIPLINARY APPLICATIONS","SCIE","2,204","3.1","Q2","0.76","29.66"%,
"COMPUTATIONAL BIOLOGY AND CHEMISTRY","COMPUT BIOL CHEM","ELSEVIER SCI LTD","1476-9271","1476-928X","COMPUTER SCIENCE, INTERDISCIPLINARY APPLICATIONS","SCIE","3,663","3.1","Q2","0.74","5.87"%,
"JOURNAL OF COMPUTER-AIDED MOLECULAR DESIGN","J COMPUT AID MOL DES","SPRINGER","0920-654X","1573-4951","COMPUTER SCIENCE, INTERDISCIPLINARY APPLICATIONS","SCIE","5,790","3.1","Q2","0.71","36.69"%,
"NEUROINFORMATICS","NEUROINFORMATICS","HUMANA PRESS INC","1539-2791","1559-0089","COMPUTER SCIENCE, INTERDISCIPLINARY APPLICATIONS","SCIE","2,201","3.1","Q2","0.69","42.02"%,
"JOURNAL OF MOLECULAR GRAPHICS & MODELLING","J MOL GRAPH MODEL","ELSEVIER SCIENCE INC","1093-3263","1873-4243","COMPUTER SCIENCE, INTERDISCIPLINARY APPLICATIONS","SCIE","13,303","3","Q2","0.93","4.33"%,
"SPEECH COMMUNICATION","SPEECH COMMUN","ELSEVIER","0167-6393","1872-7182","COMPUTER SCIENCE, INTERDISCIPLINARY APPLICATIONS","SCIE","4,086","3","Q2","0.71","28.35"%,
"Earth Science Informatics","EARTH SCI INFORM","SPRINGER HEIDELBERG","1865-0473","1865-0481","COMPUTER SCIENCE, INTERDISCIPLINARY APPLICATIONS","SCIE","3,320","3","Q2","0.69","9.77"%,
"COMPUTERS & FLUIDS","COMPUT FLUIDS","PERGAMON-ELSEVIER SCIENCE LTD","0045-7930","1879-0747","COMPUTER SCIENCE, INTERDISCIPLINARY APPLICATIONS","SCIE","13,633","3","Q2","0.63","18.78"%,
"International Journal of Computational Intelligence Systems","INT J COMPUT INT SYS","SPRINGERNATURE","1875-6891","1875-6883","COMPUTER SCIENCE, INTERDISCIPLINARY APPLICATIONS","SCIE","2,744","3","Q2","0.59","99.66"%,
"IEEE TRANSACTIONS ON COMPUTER-AIDED DESIGN OF INTEGRATED CIRCUITS AND SYSTEMS","IEEE T COMPUT AID D","IEEE-INST ELECTRICAL ELECTRONICS ENGINEERS INC","0278-0070","1937-4151","COMPUTER SCIENCE, INTERDISCIPLINARY APPLICATIONS","SCIE","9,605","2.9","Q3","0.69","4.44"%,
"ACM Transactions on Cyber-Physical Systems","ACM TRANS CYBER-PHYS","ASSOC COMPUTING MACHINERY","2378-962X","2378-9638","COMPUTER SCIENCE, INTERDISCIPLINARY APPLICATIONS","ESCI","687","2.9","Q3","0.54","4.76"%,
"Data-Centric Engineering","DATA-CENTRIC ENG","CAMBRIDGE UNIV PRESS","N/A","2632-6736","COMPUTER SCIENCE, INTERDISCIPLINARY APPLICATIONS","ESCI","415","2.8","Q3","0.64","100"%,
"Informatics-Basel","INFORMATICS-BASEL","MDPI","N/A","2227-9709","COMPUTER SCIENCE, INTERDISCIPLINARY APPLICATIONS","ESCI","1,412","2.8","Q3","0.58","100"%,
"SOCIAL SCIENCE COMPUTER REVIEW","SOC SCI COMPUT REV","SAGE PUBLICATIONS INC","0894-4393","1552-8286","COMPUTER SCIENCE, INTERDISCIPLINARY APPLICATIONS","SCIE","3,748","2.7","Q3","0.9","26.97"%,
"Frontiers in Computer Science","FRONT COMP SCI-SWITZ","FRONTIERS MEDIA SA","N/A","2624-9898","COMPUTER SCIENCE, INTERDISCIPLINARY APPLICATIONS","ESCI","1,573","2.7","Q3","0.44","98.89"%,
"MEDICAL & BIOLOGICAL ENGINEERING & COMPUTING","MED BIOL ENG COMPUT","SPRINGER HEIDELBERG","0140-0118","1741-0444","COMPUTER SCIENCE, INTERDISCIPLINARY APPLICATIONS","SCIE","7,720","2.6","Q3","0.63","13.9"%,
"International Journal of Information and Learning Technology","INT J INF LEARN TECH","EMERALD GROUP PUBLISHING LTD","2056-4880","2056-4880","COMPUTER SCIENCE, INTERDISCIPLINARY APPLICATIONS","ESCI","764","2.6","Q3","0.6","12.38"%,
"INTERNATIONAL JOURNAL OF HIGH PERFORMANCE COMPUTING APPLICATIONS","INT J HIGH PERFORM C","SAGE PUBLICATIONS LTD","1094-3420","1741-2846","COMPUTER SCIENCE, INTERDISCIPLINARY APPLICATIONS","SCIE","1,254","2.5","Q3","0.72","13.04"%,
"JOURNAL OF MOLECULAR MODELING","J MOL MODEL","SPRINGER","1610-2940","0948-5023","COMPUTER SCIENCE, INTERDISCIPLINARY APPLICATIONS","SCIE","9,606","2.5","Q3","0.55","4.94"%,
"SOFT COMPUTING","SOFT COMPUT","SPRINGER","1432-7643","1433-7479","COMPUTER SCIENCE, INTERDISCIPLINARY APPLICATIONS","SCIE","20,544","2.5","Q3","0.55","4.93"%,
"Harvard Data Science Review","HARVARD DATA SCI REV","MIT PRESS","2688-8513","2644-2353","COMPUTER SCIENCE, INTERDISCIPLINARY APPLICATIONS","ESCI","792","2.5","Q3","0.41","99.06"%,
"MATCH-COMMUNICATIONS IN MATHEMATICAL AND IN COMPUTER CHEMISTRY","MATCH-COMMUN MATH CO","UNIV KRAGUJEVAC, FAC SCIENCE","0340-6253","N/A","COMPUTER SCIENCE, INTERDISCIPLINARY APPLICATIONS","SCIE","2,476","2.4","Q3","0.8","0"%,
"SAR AND QSAR IN ENVIRONMENTAL RESEARCH","SAR QSAR ENVIRON RES","TAYLOR & FRANCIS LTD","1062-936X","1029-046X","COMPUTER SCIENCE, INTERDISCIPLINARY APPLICATIONS","SCIE","1,422","2.4","Q3","0.59","2.65"%,
"Entertainment Computing","ENTERTAIN COMPUT","ELSEVIER SCI LTD","1875-9521","1875-953X","COMPUTER SCIENCE, INTERDISCIPLINARY APPLICATIONS","SCIE","1,348","2.4","Q3","0.56","16.11"%,
"International Journal of Interactive Multimedia and Artificial Intelligence","INT J INTERACT MULTI","UNIV INT RIOJA-UNIR","1989-1660","1989-1660","COMPUTER SCIENCE, INTERDISCIPLINARY APPLICATIONS","SCIE","1,271","2.4","Q3","0.55","99.49"%,
"Frontiers in Blockchain","FRONT BLOCKCHAIN","FRONTIERS MEDIA SA","2624-7852","2624-7852","COMPUTER SCIENCE, INTERDISCIPLINARY APPLICATIONS","ESCI","558","2.4","Q3","0.44","100"%,
"Frontiers in Big Data","FRONT BIG DATA","FRONTIERS MEDIA SA","N/A","2624-909X","COMPUTER SCIENCE, INTERDISCIPLINARY APPLICATIONS","ESCI","1,604","2.3","Q3","0.47","99.08"%,
"AI EDAM-ARTIFICIAL INTELLIGENCE FOR ENGINEERING DESIGN ANALYSIS AND MANUFACTURING","AI EDAM","CAMBRIDGE UNIV PRESS","0890-0604","1469-1760","COMPUTER SCIENCE, INTERDISCIPLINARY APPLICATIONS","SCIE","885","2.3","Q3","0.46","30.23"%,
"Computer Supported Cooperative Work-The Journal of Collaborative Computing and Work Practices","COMPUT SUPP COOP W J","SPRINGER","0925-9724","1573-7551","COMPUTER SCIENCE, INTERDISCIPLINARY APPLICATIONS","SCIE","1,165","2.3","Q3","0.4","69.62"%,
"JOURNAL OF VISUALIZATION","J VISUAL-JAPAN","SPRINGER","1343-8875","1875-8975","COMPUTER SCIENCE, INTERDISCIPLINARY APPLICATIONS","SCIE","1,721","2.3","Q3","0.28","15.45"%,
"ACM Journal on Computing and Cultural Heritage","ACM J COMPUT CULT HE","ASSOC COMPUTING MACHINERY","1556-4673","1556-4711","COMPUTER SCIENCE, INTERDISCIPLINARY APPLICATIONS","SCIE","1,149","2.2","Q3","2.28","7.14"%,
"COMPUTER APPLICATIONS IN ENGINEERING EDUCATION","COMPUT APPL ENG EDUC","WILEY","1061-3773","1099-0542","COMPUTER SCIENCE, INTERDISCIPLINARY APPLICATIONS","SCIE","2,307","2.2","Q3","0.68","24.5"%,
"International Journal of Mobile Learning and Organisation","INT J MOB LEARN ORG","INDERSCIENCE ENTERPRISES LTD","1746-725X","1746-7268","COMPUTER SCIENCE, INTERDISCIPLINARY APPLICATIONS","ESCI","424","2.2","Q3","0.62","1.32"%,
"Forensic Science International-Digital Investigation","FORENS SCI INT-DIGIT","ELSEVIER SCI LTD","N/A","2666-2817","COMPUTER SCIENCE, INTERDISCIPLINARY APPLICATIONS","SCIE","884","2.2","Q3","0.5","67.36"%,
"INFORMS JOURNAL ON COMPUTING","INFORMS J COMPUT","INFORMS","1091-9856","1526-5528","COMPUTER SCIENCE, INTERDISCIPLINARY APPLICATIONS","SCIE","3,246","2.1","Q3","0.49","0"%,
"COMPUTATIONAL GEOSCIENCES","COMPUTAT GEOSCI","SPRINGER","1420-0597","1573-1499","COMPUTER SCIENCE, INTERDISCIPLINARY APPLICATIONS","SCIE","2,910","2","Q3","0.81","30.54"%,
"Big Data","BIG DATA-US","MARY ANN LIEBERT, INC","N/A","2167-647X","COMPUTER SCIENCE, INTERDISCIPLINARY APPLICATIONS","SCIE","1,425","2","Q3","0.46","7.69"%,
"SIMULATION-TRANSACTIONS OF THE SOCIETY FOR MODELING AND SIMULATION INTERNATIONAL","SIMUL-T SOC MOD SIM","SAGE PUBLICATIONS LTD","0037-5497","1741-3133","COMPUTER SCIENCE, INTERDISCIPLINARY APPLICATIONS","SCIE","1,928","2","Q3","0.41","14.71"%,
"Engineering Reports","ENG REP","WILEY","N/A","2577-8196","COMPUTER SCIENCE, INTERDISCIPLINARY APPLICATIONS","ESCI","1,733","2","Q3","0.37","89.76"%,
"CCF Transactions on Pervasive Computing and Interaction","CCF T PERVAS COMPUT","SPRINGERNATURE","2524-521X","2524-5228","COMPUTER SCIENCE, INTERDISCIPLINARY APPLICATIONS","ESCI","296","2","Q3","0.36","7.14"%,
"ENGINEERING COMPUTATIONS","ENG COMPUTATION","EMERALD GROUP PUBLISHING LTD","0264-4401","1758-7077","COMPUTER SCIENCE, INTERDISCIPLINARY APPLICATIONS","SCIE","3,063","1.9","Q3","1.24","0"%,
"ACM Transactions on Modeling and Computer Simulation","ACM T MODEL COMPUT S","ASSOC COMPUTING MACHINERY","1049-3301","1558-1195","COMPUTER SCIENCE, INTERDISCIPLINARY APPLICATIONS","SCIE","831","1.9","Q3","0.55","10.67"%,
"JOURNAL OF ORGANIZATIONAL COMPUTING AND ELECTRONIC COMMERCE","J ORG COMP ELECT COM","TAYLOR & FRANCIS INC","1091-9392","1532-7744","COMPUTER SCIENCE, INTERDISCIPLINARY APPLICATIONS","SCIE","610","1.9","Q3","0.51","8"%,
"CIN-COMPUTERS INFORMATICS NURSING","CIN-COMPUT INFORM NU","LIPPINCOTT WILLIAMS & WILKINS","1538-2931","1538-9774","COMPUTER SCIENCE, INTERDISCIPLINARY APPLICATIONS","SCIE","1,941","1.9","Q3","0.48","12.26"%,
"COMPUTING IN SCIENCE & ENGINEERING","COMPUT SCI ENG","IEEE COMPUTER SOC","1521-9615","1558-366X","COMPUTER SCIENCE, INTERDISCIPLINARY APPLICATIONS","SCIE","7,998","1.9","Q3","0.38","24.06"%,
"CCF Transactions on High Performance Computing","CCF T HIGH PERFORM C","SPRINGERNATURE","2524-4922","2524-4930","COMPUTER SCIENCE, INTERDISCIPLINARY APPLICATIONS","ESCI","253","1.9","Q3","0.35","13.21"%,
"MATHEMATICAL AND COMPUTER MODELLING OF DYNAMICAL SYSTEMS","MATH COMP MODEL DYN","TAYLOR & FRANCIS INC","1387-3954","1744-5051","COMPUTER SCIENCE, INTERDISCIPLINARY APPLICATIONS","SCIE","659","1.8","Q3","0.75","100"%,
"INTERNATIONAL JOURNAL FOR NUMERICAL METHODS IN FLUIDS","INT J NUMER METH FL","WILEY","0271-2091","1097-0363","COMPUTER SCIENCE, INTERDISCIPLINARY APPLICATIONS","SCIE","7,251","1.8","Q3","0.51","25"%,
"INTERNATIONAL JOURNAL OF INFORMATION TECHNOLOGY & DECISION MAKING","INT J INF TECH DECIS","WORLD SCIENTIFIC PUBL CO PTE LTD","0219-6220","1793-6845","COMPUTER SCIENCE, INTERDISCIPLINARY APPLICATIONS","SCIE","1,431","1.8","Q3","0.49","0.85"%,
"Astronomy and Computing","ASTRON COMPUT","ELSEVIER","2213-1337","2213-1345","COMPUTER SCIENCE, INTERDISCIPLINARY APPLICATIONS","SCIE","1,408","1.8","Q3","0.42","23.02"%,
"Language Resources and Evaluation","LANG RESOUR EVAL","SPRINGER","1574-020X","1574-0218","COMPUTER SCIENCE, INTERDISCIPLINARY APPLICATIONS","SCIE","1,554","1.8","Q3","0.34","48.85"%,
"International Journal of Sustainable Agricultural Management and Informatics","INT J SUST AGR MANAG","INDERSCIENCE ENTERPRISES LTD","2054-5819","2054-5827","COMPUTER SCIENCE, INTERDISCIPLINARY APPLICATIONS","ESCI","153","1.8","Q3","0.3","0"%,
"Journal of Simulation","J SIMUL","TAYLOR & FRANCIS LTD","1747-7778","1747-7786","COMPUTER SCIENCE, INTERDISCIPLINARY APPLICATIONS","SCIE","839","1.7","Q4","0.32","26.36"%,
"Journal of Algorithms & Computational Technology","J ALGORITHMS COMPUT","SAGE PUBLICATIONS LTD","1748-3018","1748-3026","COMPUTER SCIENCE, INTERDISCIPLINARY APPLICATIONS","ESCI","323","1.7","Q4","0.24","97.62"%,
"Service Oriented Computing and Applications","SERV ORIENTED COMPUT","SPRINGERNATURE","1863-2386","1863-2394","COMPUTER SCIENCE, INTERDISCIPLINARY APPLICATIONS","ESCI","307","1.7","Q4","0.23","6.19"%,
"COMPUTATIONAL STATISTICS & DATA ANALYSIS","COMPUT STAT DATA AN","ELSEVIER","0167-9473","1872-7352","COMPUTER SCIENCE, INTERDISCIPLINARY APPLICATIONS","SCIE","10,155","1.6","Q4","0.56","22.48"%,
"INTERNATIONAL JOURNAL OF MODERN PHYSICS C","INT J MOD PHYS C","WORLD SCIENTIFIC PUBL CO PTE LTD","0129-1831","1793-6586","COMPUTER SCIENCE, INTERDISCIPLINARY APPLICATIONS","SCIE","2,686","1.6","Q4","0.5","0"%,
"JOURNAL OF COMPUTATIONAL BIOLOGY","J COMPUT BIOL","MARY ANN LIEBERT, INC","1066-5277","1557-8666","COMPUTER SCIENCE, INTERDISCIPLINARY APPLICATIONS","SCIE","5,068","1.6","Q4","0.46","7.69"%,
"Current Computer-Aided Drug Design","CURR COMPUT-AID DRUG","BENTHAM SCIENCE PUBL LTD","1573-4099","1875-6697","COMPUTER SCIENCE, INTERDISCIPLINARY APPLICATIONS","SCIE","1,291","1.6","Q4","0.37","3.96"%,
"COMPUTER METHODS IN BIOMECHANICS AND BIOMEDICAL ENGINEERING","COMPUT METHOD BIOMEC","TAYLOR & FRANCIS LTD","1025-5842","1476-8259","COMPUTER SCIENCE, INTERDISCIPLINARY APPLICATIONS","SCIE","4,179","1.6","Q4","0.34","7.92"%,
"International Journal of Intelligent Engineering Informatics","INT J INTELL ENG INF","INDERSCIENCE ENTERPRISES LTD","1758-8715","1758-8723","COMPUTER SCIENCE, INTERDISCIPLINARY APPLICATIONS","ESCI","179","1.6","Q4","0.29","0"%,
"Computational and Mathematical Organization Theory","COMPUT MATH ORGAN TH","SPRINGER","1381-298X","1572-9346","COMPUTER SCIENCE, INTERDISCIPLINARY APPLICATIONS","SCIE","581","1.5","Q4","0.52","28.21"%,
"Journal of Advances in Information Technology","J ADV INFORM TECHNOL","ENGINEERING & TECHNOLOGY PUBLISHING","1798-2340","1798-2340","COMPUTER SCIENCE, INTERDISCIPLINARY APPLICATIONS","ESCI","677","1.5","Q4","0.3","99.23"%,
"International Journal of Online and Biomedical Engineering","INT J ONLINE BIOMED","Int Federation Engineering Education Societies-IFEES","N/A","2626-8493","COMPUTER SCIENCE, INTERDISCIPLINARY APPLICATIONS","ESCI","958","1.4","Q4","0.3","99.8"%,
"JOURNAL OF STATISTICAL COMPUTATION AND SIMULATION","J STAT COMPUT SIM","TAYLOR & FRANCIS LTD","0094-9655","1563-5163","COMPUTER SCIENCE, INTERDISCIPLINARY APPLICATIONS","SCIE","4,082","1.2","Q4","0.41","6.81"%,
"International Journal of Computational Science and Engineering","INT J COMPUT SCI ENG","INDERSCIENCE ENTERPRISES LTD","1742-7185","1742-7193","COMPUTER SCIENCE, INTERDISCIPLINARY APPLICATIONS","ESCI","1,150","1.2","Q4","0.24","0"%,
"R Journal","R J","R FOUNDATION STATISTICAL COMPUTING","2073-4859","N/A","COMPUTER SCIENCE, INTERDISCIPLINARY APPLICATIONS","SCIE","6,941","1.1","Q4","0.61","3.75"%,
"JOURNAL OF COMBINATORIAL OPTIMIZATION","J COMB OPTIM","SPRINGER","1382-6905","1573-2886","COMPUTER SCIENCE, INTERDISCIPLINARY APPLICATIONS","SCIE","1,850","1.1","Q4","0.5","7.89"%,
"Acta Informatica Pragensia","ACTA INFORM PRAG","Prague Univ Economics and Business","N/A","1805-4951","COMPUTER SCIENCE, INTERDISCIPLINARY APPLICATIONS","ESCI","106","1.1","Q4","0.31","98.67"%,
"COMPEL-THE INTERNATIONAL JOURNAL FOR COMPUTATION AND MATHEMATICS IN ELECTRICAL AND ELECTRONIC ENGINEERING","COMPEL","EMERALD GROUP PUBLISHING LTD","0332-1649","0332-1649","COMPUTER SCIENCE, INTERDISCIPLINARY APPLICATIONS","SCIE","1,076","1","Q4","0.35","7.32"%,
"IEEE Revista Iberoamericana de Tecnologias del Aprendizaje-IEEE RITA","IEEE REV IBEROAM TEC","IEEE-INST ELECTRICAL ELECTRONICS ENGINEERS INC","N/A","1932-8540","COMPUTER SCIENCE, INTERDISCIPLINARY APPLICATIONS","ESCI","362","1","Q4","0.24","5.04"%,
"INTERNATIONAL JOURNAL OF RF AND MICROWAVE COMPUTER-AIDED ENGINEERING","INT J RF MICROW C E","WILEY","1096-4290","1099-047X","COMPUTER SCIENCE, INTERDISCIPLINARY APPLICATIONS","SCIE","3,076","1","Q4","0.22","60.99"%,
"International Journal on Artificial Intelligence Tools","INT J ARTIF INTELL T","WORLD SCIENTIFIC PUBL CO PTE LTD","0218-2130","1793-6349","COMPUTER SCIENCE, INTERDISCIPLINARY APPLICATIONS","SCIE","692","1","Q4","0.19","3.35"%,
"International Journal of Digital Crime and Forensics","INT J DIGIT CRIME FO","IGI GLOBAL","1941-6210","1941-6229","COMPUTER SCIENCE, INTERDISCIPLINARY APPLICATIONS","ESCI","150","1","Q4","0.15","93.75"%,
"Qwerty","QWERTY","PROGEDIT","1828-7344","2240-2950","COMPUTER SCIENCE, INTERDISCIPLINARY APPLICATIONS","ESCI","100","1","Q4","0.15","94.29"%,
"International Journal of Arts and Technology","INT J ARTS TECHNOL","INDERSCIENCE ENTERPRISES LTD","1754-8853","1754-8861","COMPUTER SCIENCE, INTERDISCIPLINARY APPLICATIONS","ESCI","120","1","Q4","0.11","0"%,
"JOURNAL OF NEW MUSIC RESEARCH","J NEW MUSIC RES","ROUTLEDGE JOURNALS, TAYLOR & FRANCIS LTD","0929-8215","1744-5027","COMPUTER SCIENCE, INTERDISCIPLINARY APPLICATIONS","SCIE","627","0.9","Q4","1.52","46.3"%,
"ACM Transactions on Economics and Computation","ACM T ECON COMPUT","ASSOC COMPUTING MACHINERY","2167-8375","2167-8383","COMPUTER SCIENCE, INTERDISCIPLINARY APPLICATIONS","ESCI","383","0.9","Q4","0.25","7.69"%,
"IET Cyber-Physical Systems: Theory & Applications","IET CYBER PHYS SYST","WILEY","N/A","2398-3396","COMPUTER SCIENCE, INTERDISCIPLINARY APPLICATIONS","ESCI","456","0.8","Q4","0.28","97.3"%,
"International Journal of Gaming and Computer-Mediated Simulations","INT J GAMING COMPUT-","IGI GLOBAL","1942-3888","1942-3896","COMPUTER SCIENCE, INTERDISCIPLINARY APPLICATIONS","ESCI","340","0.8","Q4","0.21","100"%,
"International Journal of Pervasive Computing and Communications","INT J PERVASIVE COMP","EMERALD GROUP PUBLISHING LTD","1742-7371","1742-738X","COMPUTER SCIENCE, INTERDISCIPLINARY APPLICATIONS","ESCI","300","0.8","Q4","0.19","6.49"%,
"QUEUEING SYSTEMS","QUEUEING SYST","SPRINGER","0257-0130","1572-9443","COMPUTER SCIENCE, INTERDISCIPLINARY APPLICATIONS","SCIE","1,216","0.7","Q4","0.14","14.29"%,
"Romanian Journal of Information Technology and Automatic Control-Revista Romana de Informatica si Automatica","ROM J INF TECH AUT C","INST NATL CERCETARE-DEZVOLTARE INFORMATICA-ICI","1220-1758","1841-4303","COMPUTER SCIENCE, INTERDISCIPLINARY APPLICATIONS","ESCI","130","0.7","Q4","0.14","100"%,
"APPLICABLE ALGEBRA IN ENGINEERING COMMUNICATION AND COMPUTING","APPL ALGEBR ENG COMM","SPRINGER","0938-1279","1432-0622","COMPUTER SCIENCE, INTERDISCIPLINARY APPLICATIONS","SCIE","637","0.6","Q4","0.21","17.19"%,
"ACCESS-Access to science business innovation in the digital economy","ACCESS-ACCESS SCI BU","Access Press Publishing House","N/A","2683-1007","COMPUTER SCIENCE, INTERDISCIPLINARY APPLICATIONS","ESCI","80","0.6","Q4","0.2","90.8"%,
"INTERNATIONAL JOURNAL OF COMPUTER APPLICATIONS IN TECHNOLOGY","INT J COMPUT APPL T","INDERSCIENCE ENTERPRISES LTD","0952-8091","1741-5047","COMPUTER SCIENCE, INTERDISCIPLINARY APPLICATIONS","ESCI","574","0.6","Q4","0.14","0"%,
"PATTERN RECOGNITION AND IMAGE ANALYSIS","PATTERN RECOGN IMAGE","SPRINGERNATURE","1054-6618","1555-6212","COMPUTER SCIENCE, INTERDISCIPLINARY APPLICATIONS","ESCI","566","0.5","Q4","0.13","0.64"%,
"Parallel Processing Letters","PARALLEL PROCESS LET","WORLD SCIENTIFIC PUBL CO PTE LTD","0129-6264","1793-642X","COMPUTER SCIENCE, INTERDISCIPLINARY APPLICATIONS","ESCI","217","0.5","Q4","0.11","0"%,
"Journal of Information and Organizational Sciences","J INF ORGAN SCI","UNIV ZAGREB, FAC ORGANIZATION & INFORMATICS","1846-3312","1846-9418","COMPUTER SCIENCE, INTERDISCIPLINARY APPLICATIONS","ESCI","134","0.5","Q4","0.1","98.67"%,
"Journal of Information Technology Research","J INF TECHNOL RES","IGI GLOBAL","1938-7857","1938-7865","COMPUTER SCIENCE, INTERDISCIPLINARY APPLICATIONS","ESCI","145","0.5","Q4","0.08","98.65"%,
"International Journal of Agricultural and Environmental Information Systems","INT J AGRIC ENVIRON","IGI GLOBAL","1947-3192","1947-3206","COMPUTER SCIENCE, INTERDISCIPLINARY APPLICATIONS","ESCI","134","0.4","Q4","0.25","92.86"%,
"ACM SIGecom Exchanges","ACM SIGECOM EXCH","ASSOC COMPUTING MACHINERY","1551-9031","1551-9031","COMPUTER SCIENCE, INTERDISCIPLINARY APPLICATIONS","ESCI","152","0.4","Q4","0.17","0"%,
"IADIS-International Journal on Computer Science and Information Systems","IADIS-INT J COMPUT S","IADIS","1646-3692","1646-3692","COMPUTER SCIENCE, INTERDISCIPLINARY APPLICATIONS","ESCI","52","0.4","Q4","0.05","0"%,
"Revista Brasileira de Computacao Aplicada","REV BRAS COMPUT APL","UNIV PASSO FUNDO","2176-6649","2176-6649","COMPUTER SCIENCE, INTERDISCIPLINARY APPLICATIONS","ESCI","30","0.1","Q4","0.02","95.77"%,
"ERCIM News","ERCIM NEWS","EUROPEAN RESEARCH CONSORTIUM INFORMATICS & MATHEMATICS","0926-4981","1564-0094","COMPUTER SCIENCE, INTERDISCIPLINARY APPLICATIONS","ESCI","94","0.1","Q4","0.01","0"%,

Copyright (c) 2025 Clarivate 
By exporting the selected data; you agree to the data usage policy set forth in the Terms of Use 
