"Journal Data Filtered By:  Selected Categories: COMPUTER SCIENCE, INFORMATION SYSTEMS Selected Editions: SCIE;SSCI;AHCI;ESCI Selected JCR Year: 2024 Selected Category Schema: WOS Selected Open Access: N Indicator: Default"

Journal name,JCR Abbreviation,Publisher,ISSN,eISSN,Category,Edition,Total Citations,2024 JIF,JIF Quartile,2024 JCI,% of Citable OA
"IEEE Communications Surveys and Tutorials","IEEE COMMUN SURV TUT","IEEE-INST ELECTRICAL ELECTRONICS ENGINEERS INC","N/A","1553-877X","COMPUTER SCIENCE, INFORMATION SYSTEMS","SCIE","33,160","46.7","Q1","10.2","18.06"%,
"Foundations and Trends in Information Retrieval","FOUND TRENDS INF RET","NOW PUBLISHERS INC","1554-0669","1554-0677","COMPUTER SCIENCE, INFORMATION SYSTEMS","SCIE","824","12.9","Q1","2.68","8.33"%,
"Computer Science Review","COMPUT SCI REV","ELSEVIER","1574-0137","1876-7745","COMPUTER SCIENCE, INFORMATION SYSTEMS","SCIE","5,183","12.7","Q1","1.47","22.92"%,
"JOURNAL OF STRATEGIC INFORMATION SYSTEMS","J STRATEGIC INF SYST","ELSEVIER","0963-8687","1873-1198","COMPUTER SCIENCE, INFORMATION SYSTEMS","SCIE","4,480","11.8","Q1","2.06","59.68"%,
"IEEE WIRELESS COMMUNICATIONS","IEEE WIREL COMMUN","IEEE-INST ELECTRICAL ELECTRONICS ENGINEERS INC","1536-1284","1558-0687","COMPUTER SCIENCE, INFORMATION SYSTEMS","SCIE","12,680","11.5","Q1","2.57","0"%,
"IEEE TRANSACTIONS ON KNOWLEDGE AND DATA ENGINEERING","IEEE T KNOWL DATA EN","IEEE COMPUTER SOC","1041-4347","1558-2191","COMPUTER SCIENCE, INFORMATION SYSTEMS","SCIE","31,820","10.4","Q1","2.71","3.13"%,
"Business & Information Systems Engineering","BUS INFORM SYST ENG+","SPRINGER VIEWEG-SPRINGER FACHMEDIEN WIESBADEN GMBH","2363-7005","1867-0202","COMPUTER SCIENCE, INFORMATION SYSTEMS","SCIE","3,984","10.4","Q1","1.1","77.5"%,
"IEEE TRANSACTIONS ON MULTIMEDIA","IEEE T MULTIMEDIA","IEEE-INST ELECTRICAL ELECTRONICS ENGINEERS INC","1520-9210","1941-0077","COMPUTER SCIENCE, INFORMATION SYSTEMS","SCIE","24,404","9.7","Q1","2.59","1.77"%,
"IEEE TRANSACTIONS ON MOBILE COMPUTING","IEEE T MOBILE COMPUT","IEEE COMPUTER SOC","1536-1233","1558-0660","COMPUTER SCIENCE, INFORMATION SYSTEMS","SCIE","18,273","9.2","Q1","2.58","2.79"%,
"ACM TRANSACTIONS ON INFORMATION SYSTEMS","ACM T INFORM SYST","ASSOC COMPUTING MACHINERY","1046-8188","1558-2868","COMPUTER SCIENCE, INFORMATION SYSTEMS","SCIE","4,674","9.1","Q1","2.28","6.42"%,
"IEEE Internet of Things Journal","IEEE INTERNET THINGS","IEEE-INST ELECTRICAL ELECTRONICS ENGINEERS INC","2327-4662","2327-4662","COMPUTER SCIENCE, INFORMATION SYSTEMS","SCIE","78,245","8.9","Q1","2.21","4.37"%,
"EUROPEAN JOURNAL OF INFORMATION SYSTEMS","EUR J INFORM SYST","TAYLOR & FRANCIS LTD","0960-085X","1476-9344","COMPUTER SCIENCE, INFORMATION SYSTEMS","SCIE","6,394","8.6","Q1","1.92","33.06"%,
"INFORMATION SYSTEMS FRONTIERS","INFORM SYST FRONT","SPRINGER","1387-3326","1572-9419","COMPUTER SCIENCE, INFORMATION SYSTEMS","SCIE","6,537","8.3","Q1","1.84","43.22"%,
"INFORMATION & MANAGEMENT","INFORM MANAGE-AMSTER","ELSEVIER","0378-7206","1872-7530","COMPUTER SCIENCE, INFORMATION SYSTEMS","SCIE","14,434","8.2","Q1","2.3","15.9"%,
"IEEE Open Journal of the Computer Society","IEEE OPEN J COMP SOC","IEEE-INST ELECTRICAL ELECTRONICS ENGINEERS INC","N/A","2644-1268","COMPUTER SCIENCE, INFORMATION SYSTEMS","ESCI","810","8.2","Q1","1.53","96.46"%,
"Science China-Information Sciences","SCI CHINA INFORM SCI","SCIENCE PRESS","1674-733X","1869-1919","COMPUTER SCIENCE, INFORMATION SYSTEMS","SCIE","8,933","7.6","Q1","1.44","2.55"%,
"Internet of Things","INTERNET THINGS-NETH","ELSEVIER","2543-1536","2542-6605","COMPUTER SCIENCE, INFORMATION SYSTEMS","SCIE","6,511","7.6","Q1","1.42","31.3"%,
"IEEE Transactions on Dependable and Secure Computing","IEEE T DEPEND SECURE","IEEE COMPUTER SOC","1545-5971","1941-0018","COMPUTER SCIENCE, INFORMATION SYSTEMS","SCIE","9,635","7.5","Q1","2.21","7.71"%,
"Patterns","PATTERNS","CELL PRESS","2666-3899","2666-3899","COMPUTER SCIENCE, INFORMATION SYSTEMS","ESCI","3,646","7.4","Q1","1.29","94.6"%,
"INFORMATION PROCESSING & MANAGEMENT","INFORM PROCESS MANAG","ELSEVIER SCI LTD","0306-4573","1873-5371","COMPUTER SCIENCE, INFORMATION SYSTEMS","SCIE","13,726","6.9","Q1","2.19","10.64"%,
"INFORMATION SCIENCES","INFORM SCIENCES","ELSEVIER SCIENCE INC","0020-0255","1872-6291","COMPUTER SCIENCE, INFORMATION SYSTEMS","SCIE","61,859","6.8","Q1","1.91","7.24"%,
"IEEE Journal of Biomedical and Health Informatics","IEEE J BIOMED HEALTH","IEEE-INST ELECTRICAL ELECTRONICS ENGINEERS INC","2168-2194","2168-2208","COMPUTER SCIENCE, INFORMATION SYSTEMS","SCIE","20,045","6.8","Q1","1.84","10.98"%,
"DECISION SUPPORT SYSTEMS","DECIS SUPPORT SYST","ELSEVIER","0167-9236","1873-5797","COMPUTER SCIENCE, INFORMATION SYSTEMS","SCIE","14,639","6.8","Q1","1.38","15.71"%,
"Internet Research","INTERNET RES","EMERALD GROUP PUBLISHING LTD","1066-2243","1066-2243","COMPUTER SCIENCE, INFORMATION SYSTEMS","SCIE","7,291","6.8","Q1","1.36","9.03"%,
"ACM Transactions on Computer-Human Interaction","ACM T COMPUT-HUM INT","ASSOC COMPUTING MACHINERY","1073-0516","1557-7325","COMPUTER SCIENCE, INFORMATION SYSTEMS","SCIE","3,882","6.6","Q1","1.32","11.64"%,
"ACM Transactions on Intelligent Systems and Technology","ACM T INTEL SYST TEC","ASSOC COMPUTING MACHINERY","2157-6904","2157-6912","COMPUTER SCIENCE, INFORMATION SYSTEMS","SCIE","6,244","6.6","Q1","1.1","5.28"%,
"IEEE NETWORK","IEEE NETWORK","IEEE-INST ELECTRICAL ELECTRONICS ENGINEERS INC","0890-8044","1558-156X","COMPUTER SCIENCE, INFORMATION SYSTEMS","SCIE","11,388","6.3","Q1","1.63","0.68"%,
"Electronic Commerce Research and Applications","ELECTRON COMMER R A","ELSEVIER","1567-4223","1873-7846","COMPUTER SCIENCE, INFORMATION SYSTEMS","SCIE","5,933","6.3","Q1","1.33","9.43"%,
"Big Data Mining and Analytics","BIG DATA MIN ANAL","TSINGHUA UNIV PRESS","N/A","2096-0654","COMPUTER SCIENCE, INFORMATION SYSTEMS","ESCI","1,025","6.2","Q1","1.88","100"%,
"JOURNAL OF MANAGEMENT INFORMATION SYSTEMS","J MANAGE INFORM SYST","ROUTLEDGE JOURNALS, TAYLOR & FRANCIS LTD","0742-1222","1557-928X","COMPUTER SCIENCE, INFORMATION SYSTEMS","SCIE","8,788","6.2","Q1","1.62","15.57"%,
"Journal of King Saud University-Computer and Information Sciences","J KING SAUD UNIV-COM","SPRINGERNATURE","1319-1578","2213-1248","COMPUTER SCIENCE, INFORMATION SYSTEMS","SCIE","9,476","6.1","Q1","1.63","97.32"%,
"MIS QUARTERLY","MIS QUART","SOC INFORM MANAGE-MIS RES CENT","0276-7783","N/A","COMPUTER SCIENCE, INFORMATION SYSTEMS","SCIE","30,593","6","Q1","1.65","6.86"%,
"ACM Transactions on Multimedia Computing Communications and Applications","ACM T MULTIM COMPUT","ASSOC COMPUTING MACHINERY","1551-6857","1551-6865","COMPUTER SCIENCE, INFORMATION SYSTEMS","SCIE","5,401","6","Q1","1.55","3.57"%,
"IEEE Transactions on Services Computing","IEEE T SERV COMPUT","IEEE COMPUTER SOC","1939-1374","1939-1374","COMPUTER SCIENCE, INFORMATION SYSTEMS","SCIE","6,540","5.8","Q1","1.95","3.57"%,
"IEEE Transactions on Big Data","IEEE T BIG DATA","IEEE-INST ELECTRICAL ELECTRONICS ENGINEERS INC","2332-7790","2332-7790","COMPUTER SCIENCE, INFORMATION SYSTEMS","SCIE","3,033","5.7","Q1","1.93","3.57"%,
"Journal of Cheminformatics","J CHEMINFORMATICS","BMC","1758-2946","1758-2946","COMPUTER SCIENCE, INFORMATION SYSTEMS","SCIE","11,388","5.7","Q1","1.44","99.7"%,
"Sustainable Computing-Informatics & Systems","SUSTAIN COMPUT-INFOR","ELSEVIER","2210-5379","2210-5387","COMPUTER SCIENCE, INFORMATION SYSTEMS","SCIE","2,898","5.7","Q1","1.19","6.45"%,
"Blockchain-Research and Applications","BLOCKCHAIN-RES APPL","ELSEVIER","2096-7209","2096-7209","COMPUTER SCIENCE, INFORMATION SYSTEMS","ESCI","754","5.6","Q1","1.42","99.21"%,
"International Journal on Semantic Web and Information Systems","INT J SEMANT WEB INF","IGI GLOBAL","1552-6283","1552-6291","COMPUTER SCIENCE, INFORMATION SYSTEMS","SCIE","914","5.6","Q1","0.95","97.11"%,
"Journal of the Association for Information Systems","J ASSOC INF SYST","ASSOC INFORMATION SYSTEMS","1536-9323","1558-3457","COMPUTER SCIENCE, INFORMATION SYSTEMS","SCIE","5,971","5.5","Q1","1.63","0"%,
"IEEE Wireless Communications Letters","IEEE WIREL COMMUN LE","IEEE-INST ELECTRICAL ELECTRONICS ENGINEERS INC","2162-2337","2162-2345","COMPUTER SCIENCE, INFORMATION SYSTEMS","SCIE","18,235","5.5","Q1","1.29","4.33"%,
"IEEE Transactions on Emerging Topics in Computing","IEEE T EMERG TOP COM","IEEE-INST ELECTRICAL ELECTRONICS ENGINEERS INC","2168-6750","2168-6750","COMPUTER SCIENCE, INFORMATION SYSTEMS","SCIE","3,377","5.4","Q1","1.48","5.85"%,
"JOURNAL OF INFORMATION TECHNOLOGY","J INF TECHNOL-UK","SAGE PUBLICATIONS LTD","0268-3962","1466-4437","COMPUTER SCIENCE, INFORMATION SYSTEMS","SCIE","2,730","5.4","Q1","1.39","44.74"%,
"IEEE Transactions on Network and Service Management","IEEE T NETW SERV MAN","IEEE-INST ELECTRICAL ELECTRONICS ENGINEERS INC","1932-4537","1932-4537","COMPUTER SCIENCE, INFORMATION SYSTEMS","SCIE","9,241","5.4","Q1","1.34","9.08"%,
"COMPUTERS & SECURITY","COMPUT SECUR","ELSEVIER ADVANCED TECHNOLOGY","0167-4048","1872-6208","COMPUTER SCIENCE, INFORMATION SYSTEMS","SCIE","14,347","5.4","Q1","1.33","25.6"%,
"Journal of Chemical Information and Modeling","J CHEM INF MODEL","AMER CHEMICAL SOC","1549-9596","1549-960X","COMPUTER SCIENCE, INFORMATION SYSTEMS","SCIE","39,656","5.3","Q1","1.31","27.66"%,
"International Journal of Critical Infrastructure Protection","INT J CRIT INFR PROT","ELSEVIER","1874-5482","2212-2087","COMPUTER SCIENCE, INFORMATION SYSTEMS","SCIE","1,298","5.3","Q1","1.21","21.3"%,
"INTERNATIONAL JOURNAL OF GEOGRAPHICAL INFORMATION SCIENCE","INT J GEOGR INF SCI","TAYLOR & FRANCIS LTD","1365-8816","1362-3087","COMPUTER SCIENCE, INFORMATION SYSTEMS","SCIE","9,334","5.1","Q1","1.42","20.33"%,
"IEEE Transactions on Cloud Computing","IEEE T CLOUD COMPUT","IEEE-INST ELECTRICAL ELECTRONICS ENGINEERS INC","2168-7161","2168-7161","COMPUTER SCIENCE, INFORMATION SYSTEMS","SCIE","4,255","5","Q1","1.78","3.1"%,
"IEEE Transactions on Control of Network Systems","IEEE T CONTROL NETW","IEEE-INST ELECTRICAL ELECTRONICS ENGINEERS INC","2325-5870","2372-2533","COMPUTER SCIENCE, INFORMATION SYSTEMS","SCIE","5,823","5","Q1","1.04","3.94"%,
"Applied Computing and Informatics","APPL COMPUT INFORM","EMERALD GROUP PUBLISHING LTD","2634-1964","2210-8327","COMPUTER SCIENCE, INFORMATION SYSTEMS","ESCI","982","4.9","Q1","3.12","96.72"%,
"IEEE Transactions on Computational Social Systems","IEEE T COMPUT SOC SY","IEEE-INST ELECTRICAL ELECTRONICS ENGINEERS INC","2329-924X","2329-924X","COMPUTER SCIENCE, INFORMATION SYSTEMS","SCIE","6,838","4.9","Q1","1.05","3.64"%,
"Machine Learning with Applications","MACH LEARN APPL-NETH","ELSEVIER","N/A","2666-8270","COMPUTER SCIENCE, INFORMATION SYSTEMS","ESCI","2,369","4.9","Q1","1.04","93.62"%,
"ACM Transactions on Knowledge Discovery from Data","ACM T KNOWL DISCOV D","ASSOC COMPUTING MACHINERY","1556-4681","1556-472X","COMPUTER SCIENCE, INFORMATION SYSTEMS","SCIE","4,360","4.8","Q1","1.39","6.93"%,
"Ad Hoc Networks","AD HOC NETW","ELSEVIER","1570-8705","1570-8713","COMPUTER SCIENCE, INFORMATION SYSTEMS","SCIE","6,177","4.8","Q1","1.15","11.24"%,
"ACM Transactions on Sensor Networks","ACM T SENSOR NETWORK","ASSOC COMPUTING MACHINERY","1550-4859","1550-4867","COMPUTER SCIENCE, INFORMATION SYSTEMS","SCIE","2,022","4.7","Q1","1.2","4.73"%,
"Frontiers in Artificial Intelligence","FRONT ARTIF INTELL","FRONTIERS MEDIA SA","N/A","2624-8212","COMPUTER SCIENCE, INFORMATION SYSTEMS","ESCI","4,412","4.7","Q1","0.68","99.11"%,
"JOURNAL OF THE AMERICAN MEDICAL INFORMATICS ASSOCIATION","J AM MED INFORM ASSN","OXFORD UNIV PRESS","1067-5027","1527-974X","COMPUTER SCIENCE, INFORMATION SYSTEMS","SCIE","16,125","4.6","Q1","1.24","35.5"%,
"Computer Networks","COMPUT NETW","ELSEVIER","1389-1286","1872-7069","COMPUTER SCIENCE, INFORMATION SYSTEMS","SCIE","15,734","4.6","Q1","1.08","19.38"%,
"Frontiers of Computer Science","FRONT COMPUT SCI-CHI","HIGHER EDUCATION PRESS","2095-2228","2095-2236","COMPUTER SCIENCE, INFORMATION SYSTEMS","SCIE","2,775","4.6","Q1","1.07","4.5"%,
"Data Science and Engineering","DATA SCI ENG","SPRINGERNATURE","2364-1185","2364-1541","COMPUTER SCIENCE, INFORMATION SYSTEMS","ESCI","665","4.6","Q1","1.04","100"%,
"Proceedings of the ACM on Interactive Mobile Wearable and Ubiquitous Technologies-IMWUT","PROC ACM INTERACT MO","ASSOC COMPUTING MACHINERY","N/A","2474-9567","COMPUTER SCIENCE, INFORMATION SYSTEMS","ESCI","7,206","4.5","Q1","0.89","19.94"%,
"IEEE Systems Journal","IEEE SYST J","IEEE-INST ELECTRICAL ELECTRONICS ENGINEERS INC","1932-8184","1937-9234","COMPUTER SCIENCE, INFORMATION SYSTEMS","SCIE","15,115","4.4","Q1","1.02","4.07"%,
"Big Data and Cognitive Computing","BIG DATA COGN COMPUT","MDPI","N/A","2504-2289","COMPUTER SCIENCE, INFORMATION SYSTEMS","ESCI","2,413","4.4","Q1","1.01","100"%,
"Egyptian Informatics Journal","EGYPT INFORM J","CAIRO UNIV, FAC COMPUTERS & INFORMATION","1110-8665","2090-4754","COMPUTER SCIENCE, INFORMATION SYSTEMS","SCIE","1,443","4.3","Q2","1.1","95.85"%,
"Journal of Optical Communications and Networking","J OPT COMMUN NETW","Optica Publishing Group","1943-0620","1943-0639","COMPUTER SCIENCE, INFORMATION SYSTEMS","SCIE","3,800","4.3","Q2","1.07","2.05"%,
"INFORMATION AND SOFTWARE TECHNOLOGY","INFORM SOFTWARE TECH","ELSEVIER","0950-5849","1873-6025","COMPUTER SCIENCE, INFORMATION SYSTEMS","SCIE","7,739","4.3","Q2","1.06","31.73"%,
"COMPUTER COMMUNICATIONS","COMPUT COMMUN","ELSEVIER","0140-3664","1873-703X","COMPUTER SCIENCE, INFORMATION SYSTEMS","SCIE","11,005","4.3","Q2","0.99","13.63"%,
"Journal of Cloud Computing-Advances Systems and Applications","J CLOUD COMPUT-ADV S","SPRINGER","N/A","2192-113X","COMPUTER SCIENCE, INFORMATION SYSTEMS","SCIE","2,218","4.3","Q2","0.96","99.53"%,
"Intelligent Systems with Applications","INTELL SYST APPL","ELSEVIER","N/A","2667-3053","COMPUTER SCIENCE, INFORMATION SYSTEMS","ESCI","1,369","4.3","Q2","0.83","97.95"%,
"DATA MINING AND KNOWLEDGE DISCOVERY","DATA MIN KNOWL DISC","SPRINGER","1384-5810","1573-756X","COMPUTER SCIENCE, INFORMATION SYSTEMS","SCIE","5,983","4.3","Q2","0.76","50.78"%,
"Journal of the Association for Information Science and Technology","J ASSOC INF SCI TECH","WILEY","2330-1635","2330-1643","COMPUTER SCIENCE, INFORMATION SYSTEMS","SCIE","5,071","4.3","Q2","0.57","47.58"%,
"ICT Express","ICT EXPRESS","ELSEVIER","2405-9595","2405-9595","COMPUTER SCIENCE, INFORMATION SYSTEMS","SCIE","2,533","4.2","Q2","1.16","96.98"%,
"Journal of Sensor and Actuator Networks","J SENS ACTUAT NETW","MDPI","N/A","2224-2708","COMPUTER SCIENCE, INFORMATION SYSTEMS","ESCI","1,565","4.2","Q2","0.9","100"%,
"Big Data Research","BIG DATA RES","ELSEVIER","2214-5796","2214-5796","COMPUTER SCIENCE, INFORMATION SYSTEMS","SCIE","1,150","4.2","Q2","0.85","8.93"%,
"JOURNAL OF COMPUTER INFORMATION SYSTEMS","J COMPUT INFORM SYST","TAYLOR & FRANCIS INC","0887-4417","2380-2057","COMPUTER SCIENCE, INFORMATION SYSTEMS","SCIE","3,100","4.2","Q2","0.81","11.85"%,
"ACM Transactions on Internet Technology","ACM T INTERNET TECHN","ASSOC COMPUTING MACHINERY","1533-5399","1557-6051","COMPUTER SCIENCE, INFORMATION SYSTEMS","SCIE","1,868","4.1","Q2","1.37","2.63"%,
"INTERNATIONAL JOURNAL OF MEDICAL INFORMATICS","INT J MED INFORM","ELSEVIER IRELAND LTD","1386-5056","1872-8243","COMPUTER SCIENCE, INFORMATION SYSTEMS","SCIE","10,547","4.1","Q2","1.01","41.46"%,
"Cluster Computing-The Journal of Networks Software Tools and Applications","CLUSTER COMPUT","SPRINGER","1386-7857","1573-7543","COMPUTER SCIENCE, INFORMATION SYSTEMS","SCIE","7,507","4.1","Q2","0.99","9.28"%,
"ACM Transactions on the Web","ACM T WEB","ASSOC COMPUTING MACHINERY","1559-1131","1559-114X","COMPUTER SCIENCE, INFORMATION SYSTEMS","SCIE","850","4.1","Q2","0.92","8.65"%,
"Journal of Network and Systems Management","J NETW SYST MANAG","SPRINGER","1064-7570","1573-7705","COMPUTER SCIENCE, INFORMATION SYSTEMS","SCIE","1,293","3.9","Q2","1.1","19.53"%,
"Enterprise Information Systems","ENTERP INF SYST-UK","TAYLOR & FRANCIS LTD","1751-7575","1751-7583","COMPUTER SCIENCE, INFORMATION SYSTEMS","SCIE","1,835","3.9","Q2","1","20.37"%,
"IEEE Transactions on Sustainable Computing","IEEE T SUST COMPUT","IEEE-INST ELECTRICAL ELECTRONICS ENGINEERS INC","2377-3782","2377-3782","COMPUTER SCIENCE, INFORMATION SYSTEMS","SCIE","1,231","3.9","Q2","0.94","4.98"%,
"Visual Informatics","VIS INFORM","ELSEVIER","2468-502X","2468-502X","COMPUTER SCIENCE, INFORMATION SYSTEMS","ESCI","628","3.9","Q2","0.83","98.96"%,
"INFORMATION SYSTEMS MANAGEMENT","INFORM SYST MANAGE","TAYLOR & FRANCIS INC","1058-0530","1934-8703","COMPUTER SCIENCE, INFORMATION SYSTEMS","SCIE","1,368","3.9","Q2","0.71","23.21"%,
"VLDB JOURNAL","VLDB J","SPRINGER","1066-8888","0949-877X","COMPUTER SCIENCE, INFORMATION SYSTEMS","SCIE","2,414","3.8","Q2","0.91","32.45"%,
"Big Earth Data","BIG EARTH DATA","TAYLOR & FRANCIS LTD","2096-4471","2574-5417","COMPUTER SCIENCE, INFORMATION SYSTEMS","ESCI","790","3.8","Q2","0.9","96.47"%,
"Journal of Healthcare Informatics Research","J HEALTHC INFORM RES","SPRINGERNATURE","2509-4971","2509-498X","COMPUTER SCIENCE, INFORMATION SYSTEMS","ESCI","671","3.7","Q2","1.35","40.85"%,
"Journal of Information Security and Applications","J INF SECUR APPL","ELSEVIER","2214-2126","2214-2134","COMPUTER SCIENCE, INFORMATION SYSTEMS","SCIE","4,900","3.7","Q2","0.98","10.88"%,
"ACM Transactions on Internet of Things","ACM T INTERNET THING","ASSOC COMPUTING MACHINERY","2691-1914","2577-6207","COMPUTER SCIENCE, INFORMATION SYSTEMS","ESCI","444","3.7","Q2","0.84","4.76"%,
"Applied System Innovation","APPL SYST INNOV","MDPI","N/A","2571-5577","COMPUTER SCIENCE, INFORMATION SYSTEMS","ESCI","1,850","3.7","Q2","0.83","100"%,
"Cybersecurity","CYBERSECURITY","SPRINGERNATURE","2523-3246","2523-3246","COMPUTER SCIENCE, INFORMATION SYSTEMS","ESCI","1,003","3.7","Q2","0.8","99.4"%,
"ACM Transactions on Management Information Systems","ACM TRANS MANAG INF","ASSOC COMPUTING MACHINERY","2158-656X","2158-6578","COMPUTER SCIENCE, INFORMATION SYSTEMS","ESCI","1,066","3.6","Q2","0.95","8.89"%,
"IEEE Access","IEEE ACCESS","IEEE-INST ELECTRICAL ELECTRONICS ENGINEERS INC","2169-3536","2169-3536","COMPUTER SCIENCE, INFORMATION SYSTEMS","SCIE","294,150","3.6","Q2","0.82","98.18"%,
"Future Internet","FUTURE INTERNET","MDPI","1999-5903","1999-5903","COMPUTER SCIENCE, INFORMATION SYSTEMS","ESCI","6,471","3.6","Q2","0.8","99.92"%,
"International Journal of Fuzzy Systems","INT J FUZZY SYST","SPRINGER HEIDELBERG","1562-2479","2199-3211","COMPUTER SCIENCE, INFORMATION SYSTEMS","SCIE","4,339","3.6","Q2","0.78","5.5"%,
"TSINGHUA SCIENCE AND TECHNOLOGY","TSINGHUA SCI TECHNOL","TSINGHUA UNIV PRESS","1007-0214","1878-7606","COMPUTER SCIENCE, INFORMATION SYSTEMS","SCIE","2,464","3.5","Q2","1.42","93.09"%,
"ONLINE INFORMATION REVIEW","ONLINE INFORM REV","EMERALD GROUP PUBLISHING LTD","1468-4527","1468-4535","COMPUTER SCIENCE, INFORMATION SYSTEMS","SCIE","3,022","3.5","Q2","0.92","4.9"%,
"Pervasive and Mobile Computing","PERVASIVE MOB COMPUT","ELSEVIER","1574-1192","1873-1589","COMPUTER SCIENCE, INFORMATION SYSTEMS","SCIE","2,224","3.5","Q2","0.81","26.24"%,
"Applied Ontology","APPL ONTOL","IOS PRESS","1570-5838","1875-8533","COMPUTER SCIENCE, INFORMATION SYSTEMS","SCIE","306","3.5","Q2","0.57","7.14"%,
"Journal of Organizational and End User Computing","J ORGAN END USER COM","IGI GLOBAL","1546-2234","1546-5012","COMPUTER SCIENCE, INFORMATION SYSTEMS","SCIE","1,217","3.4","Q2","1.07","98.77"%,
"INFORMATION SYSTEMS","INFORM SYST","PERGAMON-ELSEVIER SCIENCE LTD","0306-4379","1873-6076","COMPUTER SCIENCE, INFORMATION SYSTEMS","SCIE","3,279","3.4","Q2","0.88","31.94"%,
"WORLD WIDE WEB-INTERNET AND WEB INFORMATION SYSTEMS","WORLD WIDE WEB","SPRINGER","1386-145X","1573-1413","COMPUTER SCIENCE, INFORMATION SYSTEMS","SCIE","2,329","3.4","Q2","0.82","19.14"%,
"International Journal of Software Science and Computational Intelligence-IJSSCI","INT J SOFTW SCI COMP","IGI GLOBAL","1942-9045","1942-9037","COMPUTER SCIENCE, INFORMATION SYSTEMS","ESCI","290","3.4","Q2","0.73","20"%,
"JOURNAL OF INTELLIGENT INFORMATION SYSTEMS","J INTELL INF SYST","SPRINGER","0925-9902","1573-7675","COMPUTER SCIENCE, INFORMATION SYSTEMS","SCIE","1,655","3.4","Q2","0.59","25.91"%,
"Proceedings of the VLDB Endowment","PROC VLDB ENDOW","ASSOC COMPUTING MACHINERY","2150-8097","2150-8097","COMPUTER SCIENCE, INFORMATION SYSTEMS","SCIE","11,647","3.3","Q2","0.78","0"%,
"REQUIREMENTS ENGINEERING","REQUIR ENG","SPRINGER","0947-3602","1432-010X","COMPUTER SCIENCE, INFORMATION SYSTEMS","SCIE","1,025","3.3","Q2","0.72","53.33"%,
"IEEE MULTIMEDIA","IEEE MULTIMEDIA","IEEE COMPUTER SOC","1070-986X","1941-0166","COMPUTER SCIENCE, INFORMATION SYSTEMS","SCIE","1,274","3.3","Q2","0.71","0.88"%,
"International Journal of Information Security","INT J INF SECUR","SPRINGER","1615-5262","1615-5270","COMPUTER SCIENCE, INFORMATION SYSTEMS","SCIE","1,787","3.2","Q2","0.72","35.28"%,
"JOURNAL OF COMMUNICATIONS AND NETWORKS","J COMMUN NETW-S KOR","KOREAN INST COMMUNICATIONS SCIENCES (K I C S)","1229-2370","1976-5541","COMPUTER SCIENCE, INFORMATION SYSTEMS","SCIE","1,299","3.2","Q2","0.71","98.13"%,
"Aslib Journal of Information Management","ASLIB J INFORM MANAG","EMERALD GROUP PUBLISHING LTD","2050-3806","1758-3748","COMPUTER SCIENCE, INFORMATION SYSTEMS","SCIE","1,458","3.1","Q2","0.86","3.65"%,
"MULTIMEDIA SYSTEMS","MULTIMEDIA SYST","SPRINGER","0942-4962","1432-1882","COMPUTER SCIENCE, INFORMATION SYSTEMS","SCIE","2,670","3.1","Q2","0.85","4.45"%,
"JOURNAL OF VISUAL COMMUNICATION AND IMAGE REPRESENTATION","J VIS COMMUN IMAGE R","ACADEMIC PRESS INC ELSEVIER SCIENCE","1047-3203","1095-9076","COMPUTER SCIENCE, INFORMATION SYSTEMS","SCIE","5,624","3.1","Q2","0.8","4.32"%,
"Journal of Web Semantics","J WEB SEMANT","ELSEVIER","1570-8268","1873-7749","COMPUTER SCIENCE, INFORMATION SYSTEMS","SCIE","1,043","3.1","Q2","0.66","45.33"%,
"Network","NETWORK-BASEL","MDPI","N/A","2673-8732","COMPUTER SCIENCE, INFORMATION SYSTEMS","ESCI","243","3.1","Q2","0.64","100"%,
"KNOWLEDGE AND INFORMATION SYSTEMS","KNOWL INF SYST","SPRINGER LONDON LTD","0219-1377","0219-3116","COMPUTER SCIENCE, INFORMATION SYSTEMS","SCIE","5,235","3.1","Q2","0.56","15.86"%,
"Optical Switching and Networking","OPT SWITCH NETW","ELSEVIER","1573-4277","1872-9770","COMPUTER SCIENCE, INFORMATION SYSTEMS","SCIE","526","3.1","Q2","0.5","13.46"%,
"High-Confidence Computing","HIGH-CONFID COMPUT","ELSEVIER","N/A","2667-2952","COMPUTER SCIENCE, INFORMATION SYSTEMS","ESCI","407","3","Q2","0.87","97.5"%,
"Human-centric Computing and Information Sciences","HUM-CENT COMPUT INFO","Korea Computer Industry Assoc-KCIA","N/A","2192-1962","COMPUTER SCIENCE, INFORMATION SYSTEMS","SCIE","1,384","3","Q2","0.81","0"%,
"IEEE SECURITY & PRIVACY","IEEE SECUR PRIV","IEEE COMPUTER SOC","1540-7993","1558-4046","COMPUTER SCIENCE, INFORMATION SYSTEMS","SCIE","2,323","3","Q2","0.56","18.42"%,
"IEEE TRANSACTIONS ON INFORMATION THEORY","IEEE T INFORM THEORY","IEEE-INST ELECTRICAL ELECTRONICS ENGINEERS INC","0018-9448","1557-9654","COMPUTER SCIENCE, INFORMATION SYSTEMS","SCIE","37,525","2.9","Q2","0.99","5.64"%,
"Online Social Networks and Media","ONLINE SOC NETW MED","ELSEVIER","N/A","2468-6964","COMPUTER SCIENCE, INFORMATION SYSTEMS","ESCI","493","2.9","Q2","0.96","49.25"%,
"Journal of Grid Computing","J GRID COMPUT","SPRINGER","1570-7873","1572-9184","COMPUTER SCIENCE, INFORMATION SYSTEMS","SCIE","1,241","2.9","Q2","0.86","13.27"%,
"Information","INFORMATION","MDPI","N/A","2078-2489","COMPUTER SCIENCE, INFORMATION SYSTEMS","ESCI","9,795","2.9","Q2","0.71","100"%,
"ACM Journal of Data and Information Quality","ACM J DATA INF QUAL","ASSOC COMPUTING MACHINERY","1936-1955","1936-1955","COMPUTER SCIENCE, INFORMATION SYSTEMS","ESCI","502","2.9","Q2","0.69","8.05"%,
"Semantic Web","SEMANT WEB","IOS PRESS","1570-0844","2210-4968","COMPUTER SCIENCE, INFORMATION SYSTEMS","SCIE","1,575","2.9","Q2","0.68","98.71"%,
"Frontiers of Information Technology & Electronic Engineering","FRONT INFORM TECH EL","ZHEJIANG UNIV PRESS","2095-9184","2095-9230","COMPUTER SCIENCE, INFORMATION SYSTEMS","SCIE","2,460","2.9","Q2","0.63","3.31"%,
"ACM Transactions on Privacy and Security","ACM T PRIV SECUR","ASSOC COMPUTING MACHINERY","2471-2566","2471-2574","COMPUTER SCIENCE, INFORMATION SYSTEMS","SCIE","770","2.8","Q2","1.04","1.71"%,
"ISPRS International Journal of Geo-Information","ISPRS INT J GEO-INF","MDPI","N/A","2220-9964","COMPUTER SCIENCE, INFORMATION SYSTEMS","SCIE","14,468","2.8","Q2","0.72","100"%,
"Social Network Analysis and Mining","SOC NETW ANAL MIN","SPRINGER WIEN","1869-5450","1869-5469","COMPUTER SCIENCE, INFORMATION SYSTEMS","ESCI","2,575","2.8","Q2","0.66","23.06"%,
"INFORMATICA","INFORMATICA-LITHUAN","INST MATHEMATICS & INFORMATICS","0868-4952","1822-8844","COMPUTER SCIENCE, INFORMATION SYSTEMS","SCIE","1,044","2.8","Q2","0.63","80.56"%,
"International Journal of Data Science and Analytics","INT J DATA SCI ANAL","SPRINGERNATURE","2364-415X","2364-4168","COMPUTER SCIENCE, INFORMATION SYSTEMS","ESCI","1,334","2.8","Q2","0.53","31.55"%,
"ACM SIGCOMM Computer Communication Review","ACM SIGCOMM COMP COM","ASSOC COMPUTING MACHINERY","0146-4833","1943-5819","COMPUTER SCIENCE, INFORMATION SYSTEMS","SCIE","5,820","2.8","Q2","0.49","0"%,
"Proceedings of the ACM on Measurement and Analysis of Computing Systems","P ACM MEAS ANAL COMP","ASSOC COMPUTING MACHINERY","N/A","2476-1249","COMPUTER SCIENCE, INFORMATION SYSTEMS","ESCI","1,036","2.7","Q3","0.65","17.22"%,
"Peer-to-Peer Networking and Applications","PEER PEER NETW APPL","SPRINGER","1936-6442","1936-6450","COMPUTER SCIENCE, INFORMATION SYSTEMS","SCIE","2,907","2.6","Q3","0.77","1.91"%,
"Electronics","ELECTRONICS-SWITZ","MDPI","2079-9292","2079-9292","COMPUTER SCIENCE, INFORMATION SYSTEMS","SCIE","47,196","2.6","Q3","0.62","99.96"%,
"GEOINFORMATICA","GEOINFORMATICA","SPRINGER","1384-6175","1573-7624","COMPUTER SCIENCE, INFORMATION SYSTEMS","SCIE","813","2.6","Q3","0.58","18.84"%,
"DATA & KNOWLEDGE ENGINEERING","DATA KNOWL ENG","ELSEVIER","0169-023X","1872-6933","COMPUTER SCIENCE, INFORMATION SYSTEMS","SCIE","1,736","2.6","Q3","0.56","25.44"%,
"IT Professional","IT PROF","IEEE COMPUTER SOC","1520-9202","1941-045X","COMPUTER SCIENCE, INFORMATION SYSTEMS","SCIE","1,422","2.6","Q3","0.55","4.84"%,
"IET Information Security","IET INFORM SECUR","WILEY","1751-8709","1751-8717","COMPUTER SCIENCE, INFORMATION SYSTEMS","SCIE","805","2.6","Q3","0.45","96.88"%,
"International Journal of Network Management","INT J NETW MANAG","WILEY","1055-7148","1099-1190","COMPUTER SCIENCE, INFORMATION SYSTEMS","SCIE","512","2.6","Q3","0.45","15.05"%,
"JOURNAL OF THE ACM","J ACM","ASSOC COMPUTING MACHINERY","0004-5411","1557-735X","COMPUTER SCIENCE, INFORMATION SYSTEMS","SCIE","8,582","2.5","Q3","0.77","6.25"%,
"PeerJ Computer Science","PEERJ COMPUT SCI","PEERJ INC","N/A","2376-5992","COMPUTER SCIENCE, INFORMATION SYSTEMS","SCIE","6,866","2.5","Q3","0.69","99.77"%,
"International Journal of Distributed Sensor Networks","INT J DISTRIB SENS N","WILEY","1550-1329","1550-1477","COMPUTER SCIENCE, INFORMATION SYSTEMS","SCIE","3,242","2.5","Q3","0.47","88.67"%,
"Multimodal Technologies and Interaction","MULTIMODAL TECHNOLOG","MDPI","N/A","2414-4088","COMPUTER SCIENCE, INFORMATION SYSTEMS","ESCI","1,676","2.4","Q3","0.51","100"%,
"Frontiers in Blockchain","FRONT BLOCKCHAIN","FRONTIERS MEDIA SA","2624-7852","2624-7852","COMPUTER SCIENCE, INFORMATION SYSTEMS","ESCI","558","2.4","Q3","0.44","100"%,
"International Journal of Web Information Systems","INT J WEB INF SYST","EMERALD GROUP PUBLISHING LTD","1744-0084","1744-0092","COMPUTER SCIENCE, INFORMATION SYSTEMS","ESCI","394","2.3","Q3","0.66","6.49"%,
"Digital Threats: Research and Practice","DIGIT THREATS","ASSOC COMPUTING MACHINERY","2692-1626","2576-5337","COMPUTER SCIENCE, INFORMATION SYSTEMS","ESCI","366","2.3","Q3","0.54","100"%,
"IET Smart Cities","IET SMART CITIES","WILEY","N/A","2631-7680","COMPUTER SCIENCE, INFORMATION SYSTEMS","ESCI","279","2.3","Q3","0.52","91.3"%,
"Frontiers in Big Data","FRONT BIG DATA","FRONTIERS MEDIA SA","N/A","2624-909X","COMPUTER SCIENCE, INFORMATION SYSTEMS","ESCI","1,604","2.3","Q3","0.47","99.08"%,
"IEEE Journal on Selected Areas in Information Theory","IEEE J SEL AREAS INF","IEEE-INST ELECTRICAL ELECTRONICS ENGINEERS INC","N/A","2641-8770","COMPUTER SCIENCE, INFORMATION SYSTEMS","ESCI","1,011","2.2","Q3","0.68","5.95"%,
"Communications of the Association for Information Systems","COMMUN ASSOC INF SYS","ASSOC INFORMATION SYSTEMS","1529-3181","1529-3181","COMPUTER SCIENCE, INFORMATION SYSTEMS","ESCI","3,480","2.2","Q3","0.5","0"%,
"Forensic Science International-Digital Investigation","FORENS SCI INT-DIGIT","ELSEVIER SCI LTD","N/A","2666-2817","COMPUTER SCIENCE, INFORMATION SYSTEMS","SCIE","884","2.2","Q3","0.5","67.36"%,
"EURASIP Journal on Information Security","EURASIP J INF SECUR","SPRINGER INT PUBL AG","2510-523X","2510-523X","COMPUTER SCIENCE, INFORMATION SYSTEMS","ESCI","541","2.1","Q3","0.66","100"%,
"ACM Transactions on Autonomous and Adaptive Systems","ACM T AUTON ADAP SYS","ASSOC COMPUTING MACHINERY","1556-4665","1556-4703","COMPUTER SCIENCE, INFORMATION SYSTEMS","SCIE","378","2.1","Q3","0.55","9.8"%,
"Cryptography","CRYPTOGRAPHY-BASEL","MDPI","N/A","2410-387X","COMPUTER SCIENCE, INFORMATION SYSTEMS","ESCI","643","2.1","Q3","0.54","99.47"%,
"WIRELESS NETWORKS","WIREL NETW","SPRINGER","1022-0038","1572-8196","COMPUTER SCIENCE, INFORMATION SYSTEMS","SCIE","5,369","2.1","Q3","0.54","7"%,
"Security and Privacy","SECUR PRIVACY","WILEY","2475-6725","2475-6725","COMPUTER SCIENCE, INFORMATION SYSTEMS","ESCI","717","2.1","Q3","0.41","11.07"%,
"MOBILE NETWORKS & APPLICATIONS","MOBILE NETW APPL","SPRINGER","1383-469X","1572-8153","COMPUTER SCIENCE, INFORMATION SYSTEMS","SCIE","3,289","2","Q3","0.64","7.29"%,
"Data","DATA-BASEL","MDPI","N/A","2306-5729","COMPUTER SCIENCE, INFORMATION SYSTEMS","ESCI","2,092","2","Q3","0.56","100"%,
"CCF Transactions on Pervasive Computing and Interaction","CCF T PERVAS COMPUT","SPRINGERNATURE","2524-521X","2524-5228","COMPUTER SCIENCE, INFORMATION SYSTEMS","ESCI","296","2","Q3","0.36","7.14"%,
"Journal of Ambient Intelligence and Smart Environments","J AMB INTEL SMART EN","IOS PRESS","1876-1364","1876-1372","COMPUTER SCIENCE, INFORMATION SYSTEMS","SCIE","512","2","Q3","0.36","1.47"%,
"Information Retrieval Journal","INFORM RETRIEVAL J","SPRINGER","1386-4564","1573-7659","COMPUTER SCIENCE, INFORMATION SYSTEMS","SCIE","1,031","1.9","Q3","0.54","33.33"%,
"JOURNAL OF ORGANIZATIONAL COMPUTING AND ELECTRONIC COMMERCE","J ORG COMP ELECT COM","TAYLOR & FRANCIS INC","1091-9392","1532-7744","COMPUTER SCIENCE, INFORMATION SYSTEMS","SCIE","610","1.9","Q3","0.51","8"%,
"Data Intelligence","DATA INTELLIGENCE","Chinese Acad Sciences, National Science Library","N/A","2641-435X","COMPUTER SCIENCE, INFORMATION SYSTEMS","ESCI","593","1.9","Q3","0.5","99.33"%,
"International Journal of Computers Communications & Control","INT J COMPUT COMMUN","CCC PUBL-AGORA UNIV","1841-9836","1841-9844","COMPUTER SCIENCE, INFORMATION SYSTEMS","SCIE","987","1.9","Q3","0.49","97.79"%,
"Journal of Computer Virology and Hacking Techniques","J COMPUT VIROL HACKI","SPRINGER FRANCE","2263-8733","2263-8733","COMPUTER SCIENCE, INFORMATION SYSTEMS","ESCI","668","1.9","Q3","0.45","15"%,
"Information Technology and Control","INF TECHNOL CONTROL","KAUNAS UNIV TECHNOLOGY","1392-124X","1392-124X","COMPUTER SCIENCE, INFORMATION SYSTEMS","SCIE","527","1.9","Q3","0.37","89.6"%,
"CCF Transactions on High Performance Computing","CCF T HIGH PERFORM C","SPRINGERNATURE","2524-4922","2524-4930","COMPUTER SCIENCE, INFORMATION SYSTEMS","ESCI","253","1.9","Q3","0.35","13.21"%,
"METHODS OF INFORMATION IN MEDICINE","METHOD INFORM MED","GEORG THIEME VERLAG KG","0026-1270","2511-705X","COMPUTER SCIENCE, INFORMATION SYSTEMS","SCIE","1,525","1.8","Q3","0.53","56.92"%,
"Journal of Signal Processing Systems for Signal Image and Video Technology","J SIGNAL PROCESS SYS","SPRINGER","1939-8018","1939-8115","COMPUTER SCIENCE, INFORMATION SYSTEMS","SCIE","1,381","1.8","Q3","0.5","19.14"%,
"INTERNATIONAL JOURNAL OF INFORMATION TECHNOLOGY & DECISION MAKING","INT J INF TECH DECIS","WORLD SCIENTIFIC PUBL CO PTE LTD","0219-6220","1793-6845","COMPUTER SCIENCE, INFORMATION SYSTEMS","SCIE","1,431","1.8","Q3","0.49","0.85"%,
"IEEE PERVASIVE COMPUTING","IEEE PERVAS COMPUT","IEEE COMPUTER SOC","1536-1268","1558-2590","COMPUTER SCIENCE, INFORMATION SYSTEMS","SCIE","1,668","1.8","Q3","0.46","16.3"%,
"Information and Computer Security","INF COMPUT SECUR","EMERALD GROUP PUBLISHING LTD","2056-4961","2056-4961","COMPUTER SCIENCE, INFORMATION SYSTEMS","ESCI","694","1.8","Q3","0.45","12.04"%,
"Computer Science and Information Systems","COMPUT SCI INF SYST","COMSIS CONSORTIUM","1820-0214","2406-1018","COMPUTER SCIENCE, INFORMATION SYSTEMS","SCIE","675","1.8","Q3","0.43","99.17"%,
"ACM TRANSACTIONS ON DATABASE SYSTEMS","ACM T DATABASE SYST","ASSOC COMPUTING MACHINERY","0362-5915","1557-4644","COMPUTER SCIENCE, INFORMATION SYSTEMS","SCIE","1,497","1.7","Q3","0.57","6.98"%,
"Journal of Information and Telecommunication","J INFORM TELECOMMUN","TAYLOR & FRANCIS LTD","2475-1839","2475-1847","COMPUTER SCIENCE, INFORMATION SYSTEMS","ESCI","419","1.7","Q3","0.57","98.8"%,
"CMC-Computers Materials & Continua","CMC-COMPUT MATER CON","TECH SCIENCE PRESS","1546-2218","1546-2226","COMPUTER SCIENCE, INFORMATION SYSTEMS","SCIE","8,115","1.7","Q3","0.51","99.77"%,
"JOURNAL OF INFORMATION SCIENCE","J INF SCI","SAGE PUBLICATIONS LTD","0165-5515","1741-6485","COMPUTER SCIENCE, INFORMATION SYSTEMS","SCIE","3,041","1.7","Q3","0.5","12.34"%,
"PHOTONIC NETWORK COMMUNICATIONS","PHOTONIC NETW COMMUN","SPRINGER","1387-974X","1572-8188","COMPUTER SCIENCE, INFORMATION SYSTEMS","SCIE","648","1.7","Q3","0.44","5.97"%,
"Australasian Journal of Information Systems","AUSTRALAS J INF SYST","UNIV CANBERRA, FAC INFORMATION SCIENCES & ENGINEERING","1449-8618","1326-2238","COMPUTER SCIENCE, INFORMATION SYSTEMS","ESCI","692","1.6","Q3","0.44","79.1"%,
"Journal of Business Analytics","J BUS ANAL","TAYLOR & FRANCIS LTD","2573-234X","2573-2358","COMPUTER SCIENCE, INFORMATION SYSTEMS","ESCI","176","1.6","Q3","0.41","14.81"%,
"INFOR","INFOR","TAYLOR & FRANCIS INC","0315-5986","1916-0615","COMPUTER SCIENCE, INFORMATION SYSTEMS","SCIE","673","1.6","Q3","0.28","4.05"%,
"ACM Transactions on Modeling and Performance Evaluation of Computing Systems","ACM TRANS MODELING P","ASSOC COMPUTING MACHINERY","2376-3639","2376-3647","COMPUTER SCIENCE, INFORMATION SYSTEMS","ESCI","144","1.6","Q3","0.24","11.76"%,
"Data Technologies and Applications","DATA TECHNOL APPL","EMERALD GROUP PUBLISHING LTD","2514-9288","2514-9318","COMPUTER SCIENCE, INFORMATION SYSTEMS","SCIE","474","1.5","Q3","0.49","3.81"%,
"COMPUTER JOURNAL","COMPUT J","OXFORD UNIV PRESS","0010-4620","1460-2067","COMPUTER SCIENCE, INFORMATION SYSTEMS","SCIE","4,772","1.5","Q3","0.41","4.03"%,
"Journal of Advances in Information Technology","J ADV INFORM TECHNOL","ENGINEERING & TECHNOLOGY PUBLISHING","1798-2340","1798-2340","COMPUTER SCIENCE, INFORMATION SYSTEMS","ESCI","677","1.5","Q3","0.3","99.23"%,
"Information Security Journal","INF SECUR J","TAYLOR & FRANCIS INC","1939-3555","1939-3547","COMPUTER SCIENCE, INFORMATION SYSTEMS","ESCI","493","1.4","Q3","0.38","13.1"%,
"International Journal of Web and Grid Services","INT J WEB GRID SERV","INDERSCIENCE ENTERPRISES LTD","1741-1106","1741-1114","COMPUTER SCIENCE, INFORMATION SYSTEMS","SCIE","441","1.4","Q3","0.36","0"%,
"IET Networks","IET NETW","WILEY","2047-4954","2047-4962","COMPUTER SCIENCE, INFORMATION SYSTEMS","ESCI","417","1.4","Q3","0.31","91.58"%,
"INFORMATION TECHNOLOGY AND LIBRARIES","INFORM TECHNOL LIBR","AMER LIBRARY ASSOC","0730-9295","2163-5226","COMPUTER SCIENCE, INFORMATION SYSTEMS","SCIE","404","1.3","Q3","0.4","98.46"%,
"IEEE Latin America Transactions","IEEE LAT AM T","IEEE-INST ELECTRICAL ELECTRONICS ENGINEERS INC","1548-0992","1548-0992","COMPUTER SCIENCE, INFORMATION SYSTEMS","SCIE","1,841","1.3","Q3","0.32","0"%,
"IT-Information Technology","IT-INF TECHNOL","WALTER DE GRUYTER GMBH","1611-2776","2196-7032","COMPUTER SCIENCE, INFORMATION SYSTEMS","ESCI","286","1.3","Q3","0.31","20.37"%,
"SIGMOD RECORD","SIGMOD REC","ASSOC COMPUTING MACHINERY","0163-5808","1943-5835","COMPUTER SCIENCE, INFORMATION SYSTEMS","SCIE","2,051","1.3","Q3","0.31","0"%,
"Journal of Information and Communication Technology-Malaysia","J INF COMMUN TECHNOL","UNIV UTARA MALAYSIA PRESS","1675-414X","2180-3862","COMPUTER SCIENCE, INFORMATION SYSTEMS","ESCI","211","1.3","Q3","0.29","95.83"%,
"Journal of Computer Security","J COMPUT SECUR","IOS PRESS","0926-227X","1875-8924","COMPUTER SCIENCE, INFORMATION SYSTEMS","ESCI","619","1.3","Q3","0.22","4.17"%,
"Journal of Internet Technology","J INTERNET TECHNOL","LIBRARY & INFORMATION CENTER, NAT DONG HWA UNIV","1607-9264","2079-4029","COMPUTER SCIENCE, INFORMATION SYSTEMS","SCIE","985","1.2","Q4","0.26","3.29"%,
"Jordanian Journal of Computers and Information Technology","JORDAN J COMPUT INFO","Princess Sumaya Univ & SRSF","2413-9351","2415-1076","COMPUTER SCIENCE, INFORMATION SYSTEMS","ESCI","159","1.2","Q4","0.2","24.14"%,
"Cybernetics and Information Technologies","CYBERN INF TECHNOL","INST INFORMATION & COMMUNICATION TECHNOLOGIES-BULGARIAN ACAD SCIENCES","1311-9702","1314-4081","COMPUTER SCIENCE, INFORMATION SYSTEMS","ESCI","585","1.1","Q4","0.32","99.26"%,
"Journal of Electrical and Computer Engineering","J ELECTR COMPUT ENG","WILEY","2090-0147","2090-0155","COMPUTER SCIENCE, INFORMATION SYSTEMS","ESCI","1,047","1.1","Q4","0.32","100"%,
"International Journal of Sensor Networks","INT J SENS NETW","INDERSCIENCE ENTERPRISES LTD","1748-1279","1748-1287","COMPUTER SCIENCE, INFORMATION SYSTEMS","SCIE","460","1.1","Q4","0.29","0"%,
"JOURNAL OF INFORMATION SCIENCE AND ENGINEERING","J INF SCI ENG","INST INFORMATION SCIENCE","1016-2364","N/A","COMPUTER SCIENCE, INFORMATION SYSTEMS","SCIE","600","1.1","Q4","0.28","0"%,
"International Arab Journal of Information Technology","INT ARAB J INF TECHN","ZARKA PRIVATE UNIV","1683-3198","1683-3198","COMPUTER SCIENCE, INFORMATION SYSTEMS","SCIE","815","1.1","Q4","0.27","75.17"%,
"Vietnam Journal of Computer Science","VIETNAM J COMPUT SCI","WORLD SCIENTIFIC PUBL CO PTE LTD","2196-8888","2196-8896","COMPUTER SCIENCE, INFORMATION SYSTEMS","ESCI","173","1.1","Q4","0.2","80"%,
"Review of Socionetwork Strategies","REV SOCIONETWORK STR","SPRINGER JAPAN KK","2523-3173","1867-3236","COMPUTER SCIENCE, INFORMATION SYSTEMS","ESCI","143","1","Q4","0.34","30"%,
"International Journal of Communication Networks and Distributed Systems","INT J COMMUN NETW DI","INDERSCIENCE ENTERPRISES LTD","1754-3916","1754-3924","COMPUTER SCIENCE, INFORMATION SYSTEMS","ESCI","153","1","Q4","0.25","0"%,
"JOURNAL OF HIGH SPEED NETWORKS","J HIGH SPEED NETW","IOS PRESS","0926-6801","1875-8940","COMPUTER SCIENCE, INFORMATION SYSTEMS","ESCI","119","1","Q4","0.19","0"%,
"Journal of Internet Services and Applications","J INTERNET SERV APPL","SOC BRASILEIRA COMPUTACAO","1867-4828","1869-0238","COMPUTER SCIENCE, INFORMATION SYSTEMS","ESCI","441","0.9","Q4","0.35","88.33"%,
"DISTRIBUTED AND PARALLEL DATABASES","DISTRIB PARALLEL DAT","SPRINGER","0926-8782","1573-7578","COMPUTER SCIENCE, INFORMATION SYSTEMS","SCIE","368","0.9","Q4","0.33","44.74"%,
"KSII Transactions on Internet and Information Systems","KSII T INTERNET INF","KSII-KOR SOC INTERNET INFORMATION","1976-7277","1976-7277","COMPUTER SCIENCE, INFORMATION SYSTEMS","SCIE","1,663","0.9","Q4","0.27","97.75"%,
"International Journal of Information Technologies and Systems Approach","INT J INF TECHNOL SY","IGI GLOBAL","1935-570X","1935-5718","COMPUTER SCIENCE, INFORMATION SYSTEMS","ESCI","154","0.9","Q4","0.25","82.53"%,
"International Journal on Information Technologies and Security","INT J INF TECHNOL SE","UNION SCIENTISTS BULGARIA","1313-8251","1313-8251","COMPUTER SCIENCE, INFORMATION SYSTEMS","ESCI","133","0.9","Q4","0.24","0"%,
"Applied Computing Review","APPL COMPUT REV","ASSOC COMPUTING MACHINERY","1559-6915","N/A","COMPUTER SCIENCE, INFORMATION SYSTEMS","ESCI","140","0.9","Q4","0.22","7.32"%,
"International Journal of Cartography","INT J CARTOGRAPHY","TAYLOR & FRANCIS LTD","2372-9333","2372-9341","COMPUTER SCIENCE, INFORMATION SYSTEMS","ESCI","219","0.9","Q4","0.22","23.86"%,
"Journal of Cases on Information Technology","J CASES INF TECHNOL","IGI GLOBAL","1548-7717","1548-7725","COMPUTER SCIENCE, INFORMATION SYSTEMS","ESCI","242","0.9","Q4","0.22","98.96"%,
"New Review of Hypermedia and Multimedia","NEW REV HYPERMEDIA M","TAYLOR & FRANCIS LTD","1361-4568","1740-7842","COMPUTER SCIENCE, INFORMATION SYSTEMS","SCIE","217","0.8","Q4","0.35","43.9"%,
"JOURNAL OF DATABASE MANAGEMENT","J DATABASE MANAGE","IGI GLOBAL","1063-8016","1533-8010","COMPUTER SCIENCE, INFORMATION SYSTEMS","SCIE","378","0.8","Q4","0.3","79.22"%,
"IET Cyber-Physical Systems: Theory & Applications","IET CYBER PHYS SYST","WILEY","N/A","2398-3396","COMPUTER SCIENCE, INFORMATION SYSTEMS","ESCI","456","0.8","Q4","0.28","97.3"%,
"Communications in Information and Systems","COMMUN INF SYST","INT PRESS BOSTON, INC","1526-7555","2163-4548","COMPUTER SCIENCE, INFORMATION SYSTEMS","ESCI","341","0.8","Q4","0.22","0"%,
"IEICE TRANSACTIONS ON INFORMATION AND SYSTEMS","IEICE T INF SYST","IEICE-INST ELECTRONICS INFORMATION COMMUNICATION ENGINEERS","0916-8532","1745-1361","COMPUTER SCIENCE, INFORMATION SYSTEMS","SCIE","2,311","0.8","Q4","0.22","99.22"%,
"EAI Endorsed Transactions on Scalable Information Systems","EAI ENDORSED TRANS S","INST COMPUTER SCIENCES, SOCIAL INFORMATICS & TELECOMMUNICATIONS ENG-ICST","2032-9407","2032-9407","COMPUTER SCIENCE, INFORMATION SYSTEMS","ESCI","439","0.8","Q4","0.21","98.9"%,
"Communications in Mathematical Biology and Neuroscience","COMMUN MATH BIOL NEU","SCIENCE & KNOWLEDGE PUBL CORP LTD","2052-2541","2052-2541","COMPUTER SCIENCE, INFORMATION SYSTEMS","ESCI","466","0.8","Q4","0.2","100"%,
"INTERNATIONAL JOURNAL OF COOPERATIVE INFORMATION SYSTEMS","INT J COOP INF SYST","WORLD SCIENTIFIC PUBL CO PTE LTD","0218-8430","1793-6365","COMPUTER SCIENCE, INFORMATION SYSTEMS","SCIE","173","0.8","Q4","0.19","0"%,
"International Journal of Information Technology and Web Engineering","INT J INF TECHNOL WE","IGI GLOBAL","1554-1045","1554-1053","COMPUTER SCIENCE, INFORMATION SYSTEMS","ESCI","95","0.8","Q4","0.17","100"%,
"International Journal of Ad Hoc and Ubiquitous Computing","INT J AD HOC UBIQ CO","INDERSCIENCE ENTERPRISES LTD","1743-8225","1743-8233","COMPUTER SCIENCE, INFORMATION SYSTEMS","SCIE","317","0.7","Q4","0.22","0"%,
"International Journal of Decision Support System Technology","INT J DECIS SUPPORT","IGI GLOBAL","1941-6296","1941-630X","COMPUTER SCIENCE, INFORMATION SYSTEMS","ESCI","109","0.7","Q4","0.22","52.56"%,
"International Journal of Information Systems in the Service Sector","INT J INF SYST SERV","IGI GLOBAL","1935-5688","1935-5696","COMPUTER SCIENCE, INFORMATION SYSTEMS","ESCI","100","0.7","Q4","0.2","8.16"%,
"International Journal of Web Services Research","INT J WEB SERV RES","IGI GLOBAL","1545-7362","1546-5004","COMPUTER SCIENCE, INFORMATION SYSTEMS","SCIE","93","0.7","Q4","0.18","94.59"%,
"Journal of Communications Software and Systems","J COMMUN SOFTW SYS","CROATIAN COMMUNICATIONS & INFORMATION SOC","1845-6421","1846-6079","COMPUTER SCIENCE, INFORMATION SYSTEMS","ESCI","171","0.7","Q4","0.18","100"%,
"TEM Journal-Technology Education Management Informatics","TEM J","UIKTEN - ASSOC INFORMATION COMMUNICATION TECHNOLOGY EDUCATION & SCIENCE","2217-8309","2217-8333","COMPUTER SCIENCE, INFORMATION SYSTEMS","ESCI","1,035","0.7","Q4","0.18","94.88"%,
"Jordan Journal of Electrical Engineering","JORDAN J ELECTR ENG","TAFILA TECHNICAL UNIV (TTU)","2409-9600","2409-9619","COMPUTER SCIENCE, INFORMATION SYSTEMS","ESCI","77","0.7","Q4","0.15","0"%,
"International Journal of Grid and Utility Computing","INT J GRID UTIL COMP","INDERSCIENCE ENTERPRISES LTD","1741-847X","1741-8488","COMPUTER SCIENCE, INFORMATION SYSTEMS","ESCI","180","0.7","Q4","0.14","0"%,
"INFORMATION PROCESSING LETTERS","INFORM PROCESS LETT","ELSEVIER","0020-0190","1872-6119","COMPUTER SCIENCE, INFORMATION SYSTEMS","SCIE","3,437","0.6","Q4","0.18","21.23"%,
"International Journal of Information and Computer Security","INT J INF COMPUT SEC","INDERSCIENCE ENTERPRISES LTD","1744-1765","1744-1773","COMPUTER SCIENCE, INFORMATION SYSTEMS","ESCI","175","0.6","Q4","0.17","0.56"%,
"Ad Hoc & Sensor Wireless Networks","AD HOC SENS WIREL NE","OLD CITY PUBLISHING INC","1551-9899","1552-0633","COMPUTER SCIENCE, INFORMATION SYSTEMS","SCIE","165","0.6","Q4","0.16","0"%,
"International Journal of Information System Modeling and Design","INT J INF SYST MODEL","IGI GLOBAL","1947-8186","1947-8194","COMPUTER SCIENCE, INFORMATION SYSTEMS","ESCI","110","0.6","Q4","0.15","98.08"%,
"International Journal of Intelligent Information Technologies","INT J INTELL INF TEC","IGI GLOBAL","1548-3657","1548-3665","COMPUTER SCIENCE, INFORMATION SYSTEMS","ESCI","133","0.6","Q4","0.15","94"%,
"Journal of ICT Research and Applications","J ICT RES APPL","ITB JOURNAL PUBL","2337-5787","2338-5499","COMPUTER SCIENCE, INFORMATION SYSTEMS","ESCI","118","0.6","Q4","0.15","98.11"%,
"International Journal of Distributed Systems and Technologies","INT J DISTRIB SYST T","IGI GLOBAL","1947-3532","1947-3540","COMPUTER SCIENCE, INFORMATION SYSTEMS","ESCI","122","0.6","Q4","0.14","30.49"%,
"International Journal of Information Retrieval Research","INT J INF RETR RES","IGI GLOBAL","2155-6377","2155-6385","COMPUTER SCIENCE, INFORMATION SYSTEMS","ESCI","96","0.5","Q4","0.18","95.59"%,
"International Journal of RF Technologies-Research and Applications","INT J RF TECHNOL-RES","IOS PRESS","1754-5730","1754-5749","COMPUTER SCIENCE, INFORMATION SYSTEMS","ESCI","71","0.5","Q4","0.17","0"%,
"Journal of Information Processing Systems","J INF PROCESS SYST","Korea Information Processing Soc","1976-913X","2092-805X","COMPUTER SCIENCE, INFORMATION SYSTEMS","ESCI","578","0.5","Q4","0.17","0"%,
"ACTA INFORMATICA","ACTA INFORM","SPRINGER","0001-5903","1432-0525","COMPUTER SCIENCE, INFORMATION SYSTEMS","SCIE","751","0.5","Q4","0.16","36.54"%,
"AUTOMATIC DOCUMENTATION AND MATHEMATICAL LINGUISTICS","AUTOMAT DOC MATH LIN","PLEIADES PUBLISHING INC","0005-1055","1934-8371","COMPUTER SCIENCE, INFORMATION SYSTEMS","ESCI","117","0.5","Q4","0.15","0"%,
"ISeCure-ISC International Journal of Information Security","ISECURE-ISC INT J IN","IRANIAN SOC CRYPTOLOGY","2008-2045","2008-3076","COMPUTER SCIENCE, INFORMATION SYSTEMS","ESCI","83","0.5","Q4","0.13","0"%,
"International Journal of Electronic Security and Digital Forensics","INT J ELECTRON SECUR","INDERSCIENCE ENTERPRISES LTD","1751-911X","1751-9128","COMPUTER SCIENCE, INFORMATION SYSTEMS","ESCI","133","0.5","Q4","0.11","0"%,
"Journal of Information Assurance and Security","J INF ASSUR SECUR","SCIENDO","1554-1010","1554-1029","COMPUTER SCIENCE, INFORMATION SYSTEMS","ESCI","88","0.5","Q4","0.11","0"%,
"International Journal of Enterprise Information Systems","INT J ENTERP INF SYS","IGI GLOBAL","1548-1115","1548-1123","COMPUTER SCIENCE, INFORMATION SYSTEMS","ESCI","166","0.4","Q4","0.26","100"%,
"African Journal of Information Systems","AFR J INF SYST","KENNESAW STATE UNIV","1936-0282","1936-0282","COMPUTER SCIENCE, INFORMATION SYSTEMS","ESCI","102","0.4","Q4","0.13","0"%,
"IEICE TRANSACTIONS ON FUNDAMENTALS OF ELECTRONICS COMMUNICATIONS AND COMPUTER SCIENCES","IEICE T FUND ELECTR","IEICE-INST ELECTRONICS INFORMATION COMMUNICATION ENGINEERS","0916-8508","1745-1337","COMPUTER SCIENCE, INFORMATION SYSTEMS","SCIE","1,293","0.4","Q4","0.11","0.53"%,
"International Journal of e-Collaboration","INT J E-COLLAB","IGI GLOBAL","1548-3673","1548-3681","COMPUTER SCIENCE, INFORMATION SYSTEMS","ESCI","1,632","0.4","Q4","0.1","59.14"%,
"Computacion y Sistemas","COMPUT SIST","Inst Politecnico Nacional IPN, Centro Investigacion Computacion","1405-5546","2007-9737","COMPUTER SCIENCE, INFORMATION SYSTEMS","ESCI","441","0.4","Q4","0.09","0"%,
"Acta Infologica","ACTA INFOLOGICA","ISTANBUL UNIV","N/A","2602-3563","COMPUTER SCIENCE, INFORMATION SYSTEMS","ESCI","50","0.3","Q4","0.07","20.29"%,
"International Journal of Autonomous and Adaptive Communications Systems","INT J AUTON ADAPT CO","INDERSCIENCE ENTERPRISES LTD","1754-8632","1754-8640","COMPUTER SCIENCE, INFORMATION SYSTEMS","ESCI","72","0.3","Q4","0.06","1.06"%,
"IPSI BgD Transactions on Internet Research","IPSI BDG TRANS INTER","IPSI BELGRADE LTD","1820-4503","1820-4503","COMPUTER SCIENCE, INFORMATION SYSTEMS","ESCI","37","0.2","Q4","0.08","0"%,
"International Journal of Internet Protocol Technology","INT J INTERNET PROTO","INDERSCIENCE ENTERPRISES LTD","1743-8209","1743-8217","COMPUTER SCIENCE, INFORMATION SYSTEMS","ESCI","53","0.2","Q4","0.06","0"%,
"INFORMATION-WISSENSCHAFT UND PRAXIS","INFORM-WISS PRAX","WALTER DE GRUYTER GMBH","1434-4653","1619-4292","COMPUTER SCIENCE, INFORMATION SYSTEMS","ESCI","44","0.1","Q4","0.02","5.88"%,
"International Journal of Business Data Communications and Networking","INT J BUS DATA COMMU","IGI GLOBAL","1548-0631","1548-064X","COMPUTER SCIENCE, INFORMATION SYSTEMS","ESCI","47","<0.1","Q4","0.09","100"%,
"Discover Computing","DISCOV COMPUT","SPRINGER","2948-2984","2948-2992","COMPUTER SCIENCE, INFORMATION SYSTEMS","SCIE","8","N/A","N/A","N/A","100"%,

Copyright (c) 2025 Clarivate 
By exporting the selected data; you agree to the data usage policy set forth in the Terms of Use 
