"Journal Data Filtered By:  Selected Categories: COMPUTER SCIENCE, ARTIFICIAL INTELLIGENCE Selected Editions: SCIE;SSCI;AHCI;ESCI Selected JCR Year: 2024 Selected Category Schema: WOS Selected Open Access: N Indicator: Default"

Journal name,JCR Abbreviation,Publisher,ISSN,eISSN,Category,Edition,Total Citations,2024 JIF,JIF Quartile,2024 JCI,% of Citable OA
"Foundations and Trends in Machine Learning","FOUND TRENDS MACH LE","NOW PUBLISHERS INC","1935-8237","1935-8245","COMPUTER SCIENCE, ARTIFICIAL INTELLIGENCE","ESCI","4,667","25.4","Q1","11.13","0"%,
"Nature Machine Intelligence","NAT MACH INTELL","NATURE PORTFOLIO","N/A","2522-5839","COMPUTER SCIENCE, ARTIFICIAL INTELLIGENCE","SCIE","15,338","23.9","Q1","3.92","28.12"%,
"IEEE TRANSACTIONS ON PATTERN ANALYSIS AND MACHINE INTELLIGENCE","IEEE T PATTERN ANAL","IEEE COMPUTER SOC","0162-8828","1939-3539","COMPUTER SCIENCE, ARTIFICIAL INTELLIGENCE","SCIE","98,199","18.6","Q1","4.66","6.66"%,
"Information Fusion","INFORM FUSION","ELSEVIER","1566-2535","1872-6305","COMPUTER SCIENCE, ARTIFICIAL INTELLIGENCE","SCIE","27,037","15.5","Q1","3.17","14.65"%,
"AI Open","AI OPEN","KEAI PUBLISHING LTD","N/A","2666-6510","COMPUTER SCIENCE, ARTIFICIAL INTELLIGENCE","ESCI","2,046","14.8","Q1","2.16","100"%,
"IEEE Transactions on Intelligent Vehicles","IEEE T INTELL VEHICL","IEEE-INST ELECTRICAL ELECTRONICS ENGINEERS INC","2379-8858","2379-8904","COMPUTER SCIENCE, ARTIFICIAL INTELLIGENCE","SCIE","11,626","14.3","Q1","3.05","5.4"%,
"ARTIFICIAL INTELLIGENCE REVIEW","ARTIF INTELL REV","SPRINGER","0269-2821","1573-7462","COMPUTER SCIENCE, ARTIFICIAL INTELLIGENCE","SCIE","19,411","13.9","Q1","1.89","53.54"%,
"IEEE TRANSACTIONS ON IMAGE PROCESSING","IEEE T IMAGE PROCESS","IEEE-INST ELECTRICAL ELECTRONICS ENGINEERS INC","1057-7149","1941-0042","COMPUTER SCIENCE, ARTIFICIAL INTELLIGENCE","SCIE","84,385","13.7","Q1","2.21","3.17"%,
"Radiology-Artificial Intelligence","RADIOL-ARTIF INTELL","RADIOLOGICAL SOC NORTH AMERICA (RSNA)","2638-6100","2638-6100","COMPUTER SCIENCE, ARTIFICIAL INTELLIGENCE","ESCI","3,232","13.2","Q1","2.38","0"%,
"Artificial Intelligence in Agriculture","ARTIF INTELL AGR","KEAI PUBLISHING LTD","2097-2113","2589-7217","COMPUTER SCIENCE, ARTIFICIAL INTELLIGENCE","SCIE","1,665","12.4","Q1","2.15","98.84"%,
"IEEE TRANSACTIONS ON EVOLUTIONARY COMPUTATION","IEEE T EVOLUT COMPUT","IEEE-INST ELECTRICAL ELECTRONICS ENGINEERS INC","1089-778X","1941-0026","COMPUTER SCIENCE, ARTIFICIAL INTELLIGENCE","SCIE","23,557","12","Q1","2.91","9.76"%,
"IEEE TRANSACTIONS ON FUZZY SYSTEMS","IEEE T FUZZY SYST","IEEE-INST ELECTRICAL ELECTRONICS ENGINEERS INC","1063-6706","1941-0034","COMPUTER SCIENCE, ARTIFICIAL INTELLIGENCE","SCIE","29,239","11.9","Q1","2.76","2.65"%,
"MEDICAL IMAGE ANALYSIS","MED IMAGE ANAL","ELSEVIER","1361-8415","1361-8423","COMPUTER SCIENCE, ARTIFICIAL INTELLIGENCE","SCIE","24,169","11.8","Q1","2.56","31.5"%,
"Wiley Interdisciplinary Reviews-Data Mining and Knowledge Discovery","WIRES DATA MIN KNOWL","WILEY PERIODICALS, INC","1942-4787","1942-4795","COMPUTER SCIENCE, ARTIFICIAL INTELLIGENCE","SCIE","5,301","11.7","Q1","1.06","36.11"%,
"IEEE Computational Intelligence Magazine","IEEE COMPUT INTELL M","IEEE-INST ELECTRICAL ELECTRONICS ENGINEERS INC","1556-603X","1556-6048","COMPUTER SCIENCE, ARTIFICIAL INTELLIGENCE","SCIE","3,058","11.2","Q1","1.63","0"%,
"IEEE Transactions on Cybernetics","IEEE T CYBERNETICS","IEEE-INST ELECTRICAL ELECTRONICS ENGINEERS INC","2168-2267","2168-2275","COMPUTER SCIENCE, ARTIFICIAL INTELLIGENCE","SCIE","49,856","10.5","Q1","1.9","2.99"%,
"IEEE TRANSACTIONS ON KNOWLEDGE AND DATA ENGINEERING","IEEE T KNOWL DATA EN","IEEE COMPUTER SOC","1041-4347","1558-2191","COMPUTER SCIENCE, ARTIFICIAL INTELLIGENCE","SCIE","31,820","10.4","Q1","2.71","3.13"%,
"ADVANCED ENGINEERING INFORMATICS","ADV ENG INFORM","ELSEVIER SCI LTD","1474-0346","1873-5320","COMPUTER SCIENCE, ARTIFICIAL INTELLIGENCE","SCIE","16,641","9.9","Q1","2.19","7.67"%,
"IEEE Transactions on Affective Computing","IEEE T AFFECT COMPUT","IEEE-INST ELECTRICAL ELECTRONICS ENGINEERS INC","1949-3045","1949-3045","COMPUTER SCIENCE, ARTIFICIAL INTELLIGENCE","SCIE","9,073","9.8","Q1","2.25","10.55"%,
"Energy and AI","ENERGY AI","ELSEVIER","2666-5468","2666-5468","COMPUTER SCIENCE, ARTIFICIAL INTELLIGENCE","ESCI","3,064","9.6","Q1","1.21","100"%,
"INTERNATIONAL JOURNAL OF COMPUTER VISION","INT J COMPUT VISION","SPRINGER","0920-5691","1573-1405","COMPUTER SCIENCE, ARTIFICIAL INTELLIGENCE","SCIE","28,006","9.3","Q1","1.84","21.76"%,
"IEEE Transactions on Neural Networks and Learning Systems","IEEE T NEUR NET LEAR","IEEE-INST ELECTRICAL ELECTRONICS ENGINEERS INC","2162-237X","2162-2388","COMPUTER SCIENCE, ARTIFICIAL INTELLIGENCE","SCIE","72,345","8.9","Q1","2.21","4.48"%,
"Machine Intelligence Research","MACH INTELL RES","SPRINGERNATURE","2731-538X","2731-5398","COMPUTER SCIENCE, ARTIFICIAL INTELLIGENCE","ESCI","882","8.7","Q1","1.86","29.11"%,
"Swarm and Evolutionary Computation","SWARM EVOL COMPUT","ELSEVIER","2210-6502","2210-6510","COMPUTER SCIENCE, ARTIFICIAL INTELLIGENCE","SCIE","10,171","8.5","Q1","1.98","6.34"%,
"ENGINEERING APPLICATIONS OF ARTIFICIAL INTELLIGENCE","ENG APPL ARTIF INTEL","PERGAMON-ELSEVIER SCIENCE LTD","0952-1976","1873-6769","COMPUTER SCIENCE, ARTIFICIAL INTELLIGENCE","SCIE","35,142","8","Q1","1.73","11.24"%,
"PATTERN RECOGNITION","PATTERN RECOGN","ELSEVIER SCI LTD","0031-3203","1873-5142","COMPUTER SCIENCE, ARTIFICIAL INTELLIGENCE","SCIE","44,785","7.6","Q1","1.54","8.93"%,
"KNOWLEDGE-BASED SYSTEMS","KNOWL-BASED SYST","ELSEVIER","0950-7051","1872-7409","COMPUTER SCIENCE, ARTIFICIAL INTELLIGENCE","SCIE","44,949","7.6","Q1","1.32","9.23"%,
"EXPERT SYSTEMS WITH APPLICATIONS","EXPERT SYST APPL","PERGAMON-ELSEVIER SCIENCE LTD","0957-4174","1873-6793","COMPUTER SCIENCE, ARTIFICIAL INTELLIGENCE","SCIE","102,444","7.5","Q1","1.5","10.99"%,
"Patterns","PATTERNS","CELL PRESS","2666-3899","2666-3899","COMPUTER SCIENCE, ARTIFICIAL INTELLIGENCE","ESCI","3,646","7.4","Q1","1.29","94.6"%,
"JOURNAL OF INTELLIGENT MANUFACTURING","J INTELL MANUF","SPRINGER","0956-5515","1572-8145","COMPUTER SCIENCE, ARTIFICIAL INTELLIGENCE","SCIE","10,691","7.4","Q1","1.09","26.23"%,
"Fuzzy Optimization and Decision Making","FUZZY OPTIM DECIS MA","SPRINGER","1568-4539","1573-2908","COMPUTER SCIENCE, ARTIFICIAL INTELLIGENCE","SCIE","1,317","7.4","Q1","1.07","12.9"%,
"CAAI Transactions on Intelligence Technology","CAAI T INTELL TECHNO","WILEY","2468-6557","2468-2322","COMPUTER SCIENCE, ARTIFICIAL INTELLIGENCE","SCIE","2,395","7.3","Q1","1.19","96.82"%,
"Transactions of the Association for Computational Linguistics","T ASSOC COMPUT LING","MIT PRESS","N/A","2307-387X","COMPUTER SCIENCE, ARTIFICIAL INTELLIGENCE","SCIE","5,662","6.9","Q1","5.32","96.4"%,
"DECISION SUPPORT SYSTEMS","DECIS SUPPORT SYST","ELSEVIER","0167-9236","1873-5797","COMPUTER SCIENCE, ARTIFICIAL INTELLIGENCE","SCIE","14,639","6.8","Q1","1.38","15.71"%,
"APPLIED SOFT COMPUTING","APPL SOFT COMPUT","ELSEVIER","1568-4946","1872-9681","COMPUTER SCIENCE, ARTIFICIAL INTELLIGENCE","SCIE","48,350","6.6","Q1","1.34","6.9"%,
"ACM Transactions on Intelligent Systems and Technology","ACM T INTEL SYST TEC","ASSOC COMPUTING MACHINERY","2157-6904","2157-6912","COMPUTER SCIENCE, ARTIFICIAL INTELLIGENCE","SCIE","6,244","6.6","Q1","1.1","5.28"%,
"IEEE Transactions on Emerging Topics in Computational Intelligence","IEEE T EM TOP COMP I","IEEE-INST ELECTRICAL ELECTRONICS ENGINEERS INC","2471-285X","2471-285X","COMPUTER SCIENCE, ARTIFICIAL INTELLIGENCE","SCIE","4,486","6.5","Q1","1.06","2.36"%,
"NEUROCOMPUTING","NEUROCOMPUTING","ELSEVIER","0925-2312","1872-8286","COMPUTER SCIENCE, ARTIFICIAL INTELLIGENCE","SCIE","65,209","6.5","Q1","1.01","10.11"%,
"International Journal of Neural Systems","INT J NEURAL SYST","WORLD SCIENTIFIC PUBL CO PTE LTD","0129-0657","1793-6462","COMPUTER SCIENCE, ARTIFICIAL INTELLIGENCE","SCIE","3,333","6.4","Q1","1.12","13.12"%,
"NEURAL NETWORKS","NEURAL NETWORKS","PERGAMON-ELSEVIER SCIENCE LTD","0893-6080","1879-2782","COMPUTER SCIENCE, ARTIFICIAL INTELLIGENCE","SCIE","29,552","6.3","Q1","1.45","13.7"%,
"Big Data Mining and Analytics","BIG DATA MIN ANAL","TSINGHUA UNIV PRESS","N/A","2096-0654","COMPUTER SCIENCE, ARTIFICIAL INTELLIGENCE","ESCI","1,025","6.2","Q1","1.88","100"%,
"Artificial Intelligence in Medicine","ARTIF INTELL MED","ELSEVIER","0933-3657","1873-2860","COMPUTER SCIENCE, ARTIFICIAL INTELLIGENCE","SCIE","7,798","6.2","Q1","1.14","31.12"%,
"IEEE INTELLIGENT SYSTEMS","IEEE INTELL SYST","IEEE COMPUTER SOC","1541-1672","1941-1294","COMPUTER SCIENCE, ARTIFICIAL INTELLIGENCE","SCIE","4,465","6.1","Q1","1.15","9.87"%,
"Advanced Intelligent Systems","ADV INTELL SYST-GER","WILEY","N/A","2640-4567","COMPUTER SCIENCE, ARTIFICIAL INTELLIGENCE","SCIE","8,434","6.1","Q1","1.03","89.85"%,
"Machine Learning and Knowledge Extraction","MACH LEARN KNOW EXTR","MDPI","N/A","2504-4990","COMPUTER SCIENCE, ARTIFICIAL INTELLIGENCE","ESCI","1,846","6","Q1","0.9","100"%,
"International Journal on Semantic Web and Information Systems","INT J SEMANT WEB INF","IGI GLOBAL","1552-6283","1552-6291","COMPUTER SCIENCE, ARTIFICIAL INTELLIGENCE","SCIE","914","5.6","Q1","0.95","97.11"%,
"Artificial Intelligence in the Life Sciences","ARTIF INTEL LIFE SCI","ELSEVIER","N/A","2667-3185","COMPUTER SCIENCE, ARTIFICIAL INTELLIGENCE","ESCI","365","5.4","Q1","0.71","92.59"%,
"COMPUTATIONAL LINGUISTICS","COMPUT LINGUIST","MIT PRESS","0891-2017","1530-9312","COMPUTER SCIENCE, ARTIFICIAL INTELLIGENCE","SCIE","2,655","5.3","Q1","2.69","93.81"%,
"INTEGRATED COMPUTER-AIDED ENGINEERING","INTEGR COMPUT-AID E","IOS PRESS","1069-2509","1875-8835","COMPUTER SCIENCE, ARTIFICIAL INTELLIGENCE","SCIE","735","5.3","Q1","1.35","29.17"%,
"IEEE Open Journal of Intelligent Transportation Systems","IEEE OPEN J INTEL TR","IEEE-INST ELECTRICAL ELECTRONICS ENGINEERS INC","N/A","2687-7813","COMPUTER SCIENCE, ARTIFICIAL INTELLIGENCE","ESCI","970","5.3","Q1","1","98.96"%,
"ROBOTICS AND AUTONOMOUS SYSTEMS","ROBOT AUTON SYST","ELSEVIER","0921-8890","1872-793X","COMPUTER SCIENCE, ARTIFICIAL INTELLIGENCE","SCIE","10,466","5.2","Q1","0.91","26.49"%,
"JOURNAL OF MACHINE LEARNING RESEARCH","J MACH LEARN RES","MICROTOME PUBL","1532-4435","N/A","COMPUTER SCIENCE, ARTIFICIAL INTELLIGENCE","SCIE","57,358","5.2","Q1","0.81","0.09"%,
"IEEE Transactions on Biometrics, Behavior, and Identity Science","IEEE T BIOM BEHAV ID","IEEE-INST ELECTRICAL ELECTRONICS ENGINEERS INC","N/A","2637-6407","COMPUTER SCIENCE, ARTIFICIAL INTELLIGENCE","ESCI","1,029","5","Q2","0.95","17.27"%,
"AI","AI-BASEL","MDPI","N/A","2673-2688","COMPUTER SCIENCE, ARTIFICIAL INTELLIGENCE","ESCI","941","5","Q2","0.7","100"%,
"IEEE Transactions on Cognitive and Developmental Systems","IEEE T COGN DEV SYST","IEEE-INST ELECTRICAL ELECTRONICS ENGINEERS INC","2379-8920","2379-8939","COMPUTER SCIENCE, ARTIFICIAL INTELLIGENCE","SCIE","3,490","4.9","Q2","1.23","7.47"%,
"Machine Learning with Applications","MACH LEARN APPL-NETH","ELSEVIER","N/A","2666-8270","COMPUTER SCIENCE, ARTIFICIAL INTELLIGENCE","ESCI","2,369","4.9","Q2","1.04","93.62"%,
"ACM Transactions on Interactive Intelligent Systems","ACM T INTERACT INTEL","ASSOC COMPUTING MACHINERY","2160-6455","2160-6463","COMPUTER SCIENCE, ARTIFICIAL INTELLIGENCE","SCIE","1,782","4.8","Q2","0.78","12.09"%,
"Frontiers in Artificial Intelligence","FRONT ARTIF INTELL","FRONTIERS MEDIA SA","N/A","2624-8212","COMPUTER SCIENCE, ARTIFICIAL INTELLIGENCE","ESCI","4,412","4.7","Q2","0.68","99.11"%,
"AI & Society","AI SOC","SPRINGER","0951-5666","1435-5655","COMPUTER SCIENCE, ARTIFICIAL INTELLIGENCE","ESCI","4,767","4.7","Q2","0.63","57.29"%,
"Machine Learning-Science and Technology","MACH LEARN-SCI TECHN","IOP Publishing Ltd","N/A","2632-2153","COMPUTER SCIENCE, ARTIFICIAL INTELLIGENCE","SCIE","3,413","4.6","Q2","1","99.68"%,
"ARTIFICIAL INTELLIGENCE","ARTIF INTELL-AMST","ELSEVIER","0004-3702","1872-7921","COMPUTER SCIENCE, ARTIFICIAL INTELLIGENCE","SCIE","10,026","4.6","Q2","0.94","41.69"%,
"Complex & Intelligent Systems","COMPLEX INTELL SYST","SPRINGER HEIDELBERG","2199-4536","2198-6053","COMPUTER SCIENCE, ARTIFICIAL INTELLIGENCE","SCIE","6,617","4.6","Q2","0.81","99.79"%,
"Brain Informatics","BRAIN INFORM","SPRINGERNATURE","2198-4018","2198-4026","COMPUTER SCIENCE, ARTIFICIAL INTELLIGENCE","ESCI","903","4.5","Q2","0.88","100"%,
"Big Data and Cognitive Computing","BIG DATA COGN COMPUT","MDPI","N/A","2504-2289","COMPUTER SCIENCE, ARTIFICIAL INTELLIGENCE","ESCI","2,413","4.4","Q2","1.01","100"%,
"Quantum Machine Intelligence","QUANT MACH INTELL","SPRINGERNATURE","2524-4906","2524-4914","COMPUTER SCIENCE, ARTIFICIAL INTELLIGENCE","ESCI","796","4.4","Q2","0.88","49.08"%,
"IEEE Transactions on Human-Machine Systems","IEEE T HUM-MACH SYST","IEEE-INST ELECTRICAL ELECTRONICS ENGINEERS INC","2168-2291","2168-2305","COMPUTER SCIENCE, ARTIFICIAL INTELLIGENCE","SCIE","3,543","4.4","Q2","0.64","11.79"%,
"Egyptian Informatics Journal","EGYPT INFORM J","CAIRO UNIV, FAC COMPUTERS & INFORMATION","1110-8665","2090-4754","COMPUTER SCIENCE, ARTIFICIAL INTELLIGENCE","SCIE","1,443","4.3","Q2","1.1","95.85"%,
"Cognitive Computation","COGN COMPUT","SPRINGER","1866-9956","1866-9964","COMPUTER SCIENCE, ARTIFICIAL INTELLIGENCE","SCIE","3,636","4.3","Q2","1.01","22.19"%,
"Intelligent Systems with Applications","INTELL SYST APPL","ELSEVIER","N/A","2667-3053","COMPUTER SCIENCE, ARTIFICIAL INTELLIGENCE","ESCI","1,369","4.3","Q2","0.83","97.95"%,
"AUTONOMOUS ROBOTS","AUTON ROBOT","SPRINGER","0929-5593","1573-7527","COMPUTER SCIENCE, ARTIFICIAL INTELLIGENCE","SCIE","4,960","4.3","Q2","0.78","44.22"%,
"DATA MINING AND KNOWLEDGE DISCOVERY","DATA MIN KNOWL DISC","SPRINGER","1384-5810","1573-756X","COMPUTER SCIENCE, ARTIFICIAL INTELLIGENCE","SCIE","5,983","4.3","Q2","0.76","50.78"%,
"APPLIED ARTIFICIAL INTELLIGENCE","APPL ARTIF INTELL","TAYLOR & FRANCIS INC","0883-9514","1087-6545","COMPUTER SCIENCE, ARTIFICIAL INTELLIGENCE","SCIE","2,929","4.3","Q2","0.59","96.66"%,
"IMAGE AND VISION COMPUTING","IMAGE VISION COMPUT","ELSEVIER","0262-8856","1872-8138","COMPUTER SCIENCE, ARTIFICIAL INTELLIGENCE","SCIE","6,737","4.2","Q2","1.01","7.42"%,
"Big Data Research","BIG DATA RES","ELSEVIER","2214-5796","2214-5796","COMPUTER SCIENCE, ARTIFICIAL INTELLIGENCE","SCIE","1,150","4.2","Q2","0.85","8.93"%,
"JOURNAL OF ARTIFICIAL INTELLIGENCE RESEARCH","J ARTIF INTELL RES","AI ACCESS FOUNDATION","1076-9757","1943-5037","COMPUTER SCIENCE, ARTIFICIAL INTELLIGENCE","SCIE","8,956","4","Q2","0.78","3.08"%,
"CHEMOMETRICS AND INTELLIGENT LABORATORY SYSTEMS","CHEMOMETR INTELL LAB","ELSEVIER","0169-7439","1873-3239","COMPUTER SCIENCE, ARTIFICIAL INTELLIGENCE","SCIE","11,913","3.8","Q2","1.07","21.68"%,
"INTERNATIONAL JOURNAL OF INTELLIGENT SYSTEMS","INT J INTELL SYST","WILEY","0884-8173","1098-111X","COMPUTER SCIENCE, ARTIFICIAL INTELLIGENCE","SCIE","8,105","3.7","Q2","0.79","72.8"%,
"Intelligent Computing","INTELL COMPUT-WASH","AMER ASSOC ADVANCEMENT SCIENCE","N/A","2771-5892","COMPUTER SCIENCE, ARTIFICIAL INTELLIGENCE","ESCI","226","3.7","Q2","0.7","95.29"%,
"Inteligencia Artificial-Iberoamerican Journal of Artificial Intelligence","INTELIGENCIA ARTIFIC","ASOC ESPANOLA INTELIGENCIA ARTIFICIAL","1137-3601","1988-3064","COMPUTER SCIENCE, ARTIFICIAL INTELLIGENCE","ESCI","524","3.7","Q2","0.15","80.56"%,
"International Journal of Fuzzy Systems","INT J FUZZY SYST","SPRINGER HEIDELBERG","1562-2479","2199-3211","COMPUTER SCIENCE, ARTIFICIAL INTELLIGENCE","SCIE","4,339","3.6","Q2","0.78","5.5"%,
"Statistical Analysis and Data Mining-An Asa Data Science Journal","STAT ANAL DATA MIN","WILEY","1932-1864","1932-1872","COMPUTER SCIENCE, ARTIFICIAL INTELLIGENCE","SCIE","946","3.6","Q2","0.66","31.25"%,
"Systems and Soft Computing","SYST SOFT COMPUT","ELSEVIER","N/A","2772-9419","COMPUTER SCIENCE, ARTIFICIAL INTELLIGENCE","ESCI","216","3.6","Q2","0.62","98.61"%,
"Kunstliche Intelligenz","KUNSTL INTELL","SPRINGER HEIDELBERG","0933-1875","1610-1987","COMPUTER SCIENCE, ARTIFICIAL INTELLIGENCE","ESCI","977","3.6","Q2","0.4","71.13"%,
"COMPUTER VISION AND IMAGE UNDERSTANDING","COMPUT VIS IMAGE UND","ACADEMIC PRESS INC ELSEVIER SCIENCE","1077-3142","1090-235X","COMPUTER SCIENCE, ARTIFICIAL INTELLIGENCE","SCIE","7,317","3.5","Q2","0.78","16.7"%,
"APPLIED INTELLIGENCE","APPL INTELL","SPRINGER","0924-669X","1573-7497","COMPUTER SCIENCE, ARTIFICIAL INTELLIGENCE","SCIE","17,376","3.5","Q2","0.58","8.35"%,
"Applied Ontology","APPL ONTOL","IOS PRESS","1570-5838","1875-8533","COMPUTER SCIENCE, ARTIFICIAL INTELLIGENCE","SCIE","306","3.5","Q2","0.57","7.14"%,
"CONNECTION SCIENCE","CONNECT SCI","TAYLOR & FRANCIS LTD","0954-0091","1360-0494","COMPUTER SCIENCE, ARTIFICIAL INTELLIGENCE","SCIE","1,533","3.4","Q2","0.85","98.33"%,
"EVOLUTIONARY COMPUTATION","EVOL COMPUT","MIT PRESS","1063-6560","1530-9304","COMPUTER SCIENCE, ARTIFICIAL INTELLIGENCE","SCIE","3,065","3.4","Q2","0.77","7.55"%,
"International Journal of Software Science and Computational Intelligence-IJSSCI","INT J SOFTW SCI COMP","IGI GLOBAL","1942-9045","1942-9037","COMPUTER SCIENCE, ARTIFICIAL INTELLIGENCE","ESCI","290","3.4","Q2","0.73","20"%,
"COMPUTER SPEECH AND LANGUAGE","COMPUT SPEECH LANG","ACADEMIC PRESS LTD- ELSEVIER SCIENCE LTD","0885-2308","1095-8363","COMPUTER SCIENCE, ARTIFICIAL INTELLIGENCE","SCIE","2,590","3.4","Q2","0.64","20.8"%,
"MINDS AND MACHINES","MIND MACH","SPRINGER","0924-6495","1572-8641","COMPUTER SCIENCE, ARTIFICIAL INTELLIGENCE","SCIE","2,288","3.4","Q2","0.64","76.32"%,
"JOURNAL OF INTELLIGENT INFORMATION SYSTEMS","J INTELL INF SYST","SPRINGER","0925-9902","1573-7675","COMPUTER SCIENCE, ARTIFICIAL INTELLIGENCE","SCIE","1,655","3.4","Q2","0.59","25.91"%,
"PATTERN RECOGNITION LETTERS","PATTERN RECOGN LETT","ELSEVIER","0167-8655","1872-7344","COMPUTER SCIENCE, ARTIFICIAL INTELLIGENCE","SCIE","16,356","3.3","Q2","0.68","13.46"%,
"AI MAGAZINE","AI MAG","AMER ASSOC ARTIFICIAL INTELL","0738-4602","2371-9621","COMPUTER SCIENCE, ARTIFICIAL INTELLIGENCE","SCIE","3,157","3.2","Q2","0.39","89.06"%,
"Artificial Intelligence and Law","ARTIF INTELL LAW","SPRINGER","0924-8463","1572-8382","COMPUTER SCIENCE, ARTIFICIAL INTELLIGENCE","SCIE","895","3.1","Q2","1.69","47.41"%,
"Journal of Web Semantics","J WEB SEMANT","ELSEVIER","1570-8268","1873-7749","COMPUTER SCIENCE, ARTIFICIAL INTELLIGENCE","SCIE","1,043","3.1","Q2","0.66","45.33"%,
"KNOWLEDGE AND INFORMATION SYSTEMS","KNOWL INF SYST","SPRINGER LONDON LTD","0219-1377","0219-3116","COMPUTER SCIENCE, ARTIFICIAL INTELLIGENCE","SCIE","5,235","3.1","Q2","0.56","15.86"%,
"Journal of Real-Time Image Processing","J REAL-TIME IMAGE PR","SPRINGER HEIDELBERG","1861-8200","1861-8219","COMPUTER SCIENCE, ARTIFICIAL INTELLIGENCE","SCIE","2,038","3","Q2","0.63","9.81"%,
"International Journal of Computational Intelligence Systems","INT J COMPUT INT SYS","SPRINGERNATURE","1875-6891","1875-6883","COMPUTER SCIENCE, ARTIFICIAL INTELLIGENCE","SCIE","2,744","3","Q2","0.59","99.66"%,
"INTERNATIONAL JOURNAL OF APPROXIMATE REASONING","INT J APPROX REASON","ELSEVIER SCIENCE INC","0888-613X","1873-4731","COMPUTER SCIENCE, ARTIFICIAL INTELLIGENCE","SCIE","5,074","3","Q2","0.55","25.79"%,
"Semantic Web","SEMANT WEB","IOS PRESS","1570-0844","2210-4968","COMPUTER SCIENCE, ARTIFICIAL INTELLIGENCE","SCIE","1,575","2.9","Q2","0.68","98.71"%,
"MACHINE LEARNING","MACH LEARN","SPRINGER","0885-6125","1573-0565","COMPUTER SCIENCE, ARTIFICIAL INTELLIGENCE","SCIE","34,030","2.9","Q2","0.66","50.96"%,
"International Journal of Multimedia Information Retrieval","INT J MULTIMED INF R","SPRINGER","2192-6611","2192-662X","COMPUTER SCIENCE, ARTIFICIAL INTELLIGENCE","SCIE","866","2.9","Q2","0.56","9.68"%,
"Applied Computational Intelligence and Soft Computing","APPL COMPUT INTELL S","WILEY","1687-9724","1687-9732","COMPUTER SCIENCE, ARTIFICIAL INTELLIGENCE","ESCI","668","2.9","Q2","0.41","99.32"%,
"Data-Centric Engineering","DATA-CENTRIC ENG","CAMBRIDGE UNIV PRESS","N/A","2632-6736","COMPUTER SCIENCE, ARTIFICIAL INTELLIGENCE","ESCI","415","2.8","Q3","0.64","100"%,
"Frontiers in Neurorobotics","FRONT NEUROROBOTICS","FRONTIERS MEDIA SA","1662-5218","1662-5218","COMPUTER SCIENCE, ARTIFICIAL INTELLIGENCE","SCIE","4,063","2.8","Q3","0.59","100"%,
"IEEE Transactions on Games","IEEE T GAMES","IEEE-INST ELECTRICAL ELECTRONICS ENGINEERS INC","2475-1502","2475-1510","COMPUTER SCIENCE, ARTIFICIAL INTELLIGENCE","SCIE","929","2.8","Q3","0.59","8.92"%,
"JOURNAL OF INTELLIGENT & ROBOTIC SYSTEMS","J INTELL ROBOT SYST","SPRINGER","0921-0296","1573-0409","COMPUTER SCIENCE, ARTIFICIAL INTELLIGENCE","SCIE","6,941","2.8","Q3","0.57","39.62"%,
"International Journal of Data Science and Analytics","INT J DATA SCI ANAL","SPRINGERNATURE","2364-415X","2364-4168","COMPUTER SCIENCE, ARTIFICIAL INTELLIGENCE","ESCI","1,334","2.8","Q3","0.53","31.55"%,
"NEURAL PROCESSING LETTERS","NEURAL PROCESS LETT","SPRINGER","1370-4621","1573-773X","COMPUTER SCIENCE, ARTIFICIAL INTELLIGENCE","SCIE","5,499","2.8","Q3","0.47","27.06"%,
"International Journal of Machine Learning and Cybernetics","INT J MACH LEARN CYB","SPRINGER HEIDELBERG","1868-8071","1868-808X","COMPUTER SCIENCE, ARTIFICIAL INTELLIGENCE","SCIE","5,556","2.7","Q3","0.5","4.67"%,
"Evolving Systems","EVOL SYST-GER","SPRINGER HEIDELBERG","1868-6478","1868-6486","COMPUTER SCIENCE, ARTIFICIAL INTELLIGENCE","SCIE","1,201","2.7","Q3","0.42","5.24"%,
"DATA & KNOWLEDGE ENGINEERING","DATA KNOWL ENG","ELSEVIER","0169-023X","1872-6933","COMPUTER SCIENCE, ARTIFICIAL INTELLIGENCE","SCIE","1,736","2.6","Q3","0.56","25.44"%,
"AUTONOMOUS AGENTS AND MULTI-AGENT SYSTEMS","AUTON AGENT MULTI-AG","SPRINGER","1387-2532","1573-7454","COMPUTER SCIENCE, ARTIFICIAL INTELLIGENCE","SCIE","1,201","2.6","Q3","0.44","52.03"%,
"Evolutionary Intelligence","EVOL INTELL","SPRINGER HEIDELBERG","1864-5909","1864-5917","COMPUTER SCIENCE, ARTIFICIAL INTELLIGENCE","ESCI","1,998","2.6","Q3","0.4","5.25"%,
"PeerJ Computer Science","PEERJ COMPUT SCI","PEERJ INC","N/A","2376-5992","COMPUTER SCIENCE, ARTIFICIAL INTELLIGENCE","SCIE","6,866","2.5","Q3","0.69","99.77"%,
"SOFT COMPUTING","SOFT COMPUT","SPRINGER","1432-7643","1433-7479","COMPUTER SCIENCE, ARTIFICIAL INTELLIGENCE","SCIE","20,544","2.5","Q3","0.55","4.93"%,
"International Journal on Document Analysis and Recognition","INT J DOC ANAL RECOG","SPRINGER HEIDELBERG","1433-2833","1433-2825","COMPUTER SCIENCE, ARTIFICIAL INTELLIGENCE","SCIE","826","2.5","Q3","0.37","23.21"%,
"Cognitive Systems Research","COGN SYST RES","ELSEVIER","2214-4366","1389-0417","COMPUTER SCIENCE, ARTIFICIAL INTELLIGENCE","SCIE","2,001","2.4","Q3","0.64","26.8"%,
"International Journal of Interactive Multimedia and Artificial Intelligence","INT J INTERACT MULTI","UNIV INT RIOJA-UNIR","1989-1660","1989-1660","COMPUTER SCIENCE, ARTIFICIAL INTELLIGENCE","SCIE","1,271","2.4","Q3","0.55","99.49"%,
"Multimodal Technologies and Interaction","MULTIMODAL TECHNOLOG","MDPI","N/A","2414-4088","COMPUTER SCIENCE, ARTIFICIAL INTELLIGENCE","ESCI","1,676","2.4","Q3","0.51","100"%,
"Journal of Artificial Intelligence and Soft Computing Research","J ARTIF INTELL SOFT","SCIENDO","2083-2567","2449-6499","COMPUTER SCIENCE, ARTIFICIAL INTELLIGENCE","SCIE","458","2.4","Q3","0.46","100"%,
"Progress in Artificial Intelligence","PROG ARTIF INTELL","SPRINGERNATURE","2192-6352","2192-6360","COMPUTER SCIENCE, ARTIFICIAL INTELLIGENCE","ESCI","1,023","2.4","Q3","0.33","19.48"%,
"SIAM Journal on Imaging Sciences","SIAM J IMAGING SCI","SIAM PUBLICATIONS","1936-4954","1936-4954","COMPUTER SCIENCE, ARTIFICIAL INTELLIGENCE","SCIE","4,169","2.3","Q3","0.75","0.93"%,
"EXPERT SYSTEMS","EXPERT SYST","WILEY","0266-4720","1468-0394","COMPUTER SCIENCE, ARTIFICIAL INTELLIGENCE","SCIE","3,765","2.3","Q3","0.58","14.94"%,
"Memetic Computing","MEMET COMPUT","SPRINGER HEIDELBERG","1865-9284","1865-9292","COMPUTER SCIENCE, ARTIFICIAL INTELLIGENCE","SCIE","718","2.3","Q3","0.57","12.66"%,
"AI EDAM-ARTIFICIAL INTELLIGENCE FOR ENGINEERING DESIGN ANALYSIS AND MANUFACTURING","AI EDAM","CAMBRIDGE UNIV PRESS","0890-0604","1469-1760","COMPUTER SCIENCE, ARTIFICIAL INTELLIGENCE","SCIE","885","2.3","Q3","0.46","30.23"%,
"MACHINE VISION AND APPLICATIONS","MACH VISION APPL","SPRINGER","0932-8092","1432-1769","COMPUTER SCIENCE, ARTIFICIAL INTELLIGENCE","SCIE","2,669","2.3","Q3","0.45","17.65"%,
"Intelligence & Robotics","INTELL ROBOT","OAE PUBLISHING INC","N/A","2770-3541","COMPUTER SCIENCE, ARTIFICIAL INTELLIGENCE","ESCI","175","2.3","Q3","0.31","98.84"%,
"IET Image Processing","IET IMAGE PROCESS","WILEY","1751-9659","1751-9667","COMPUTER SCIENCE, ARTIFICIAL INTELLIGENCE","SCIE","4,711","2.2","Q3","0.41","94.55"%,
"NEURAL COMPUTATION","NEURAL COMPUT","MIT PRESS","0899-7667","1530-888X","COMPUTER SCIENCE, ARTIFICIAL INTELLIGENCE","SCIE","21,670","2.1","Q3","0.62","12.66"%,
"ACM Transactions on Autonomous and Adaptive Systems","ACM T AUTON ADAP SYS","ASSOC COMPUTING MACHINERY","1556-4665","1556-4703","COMPUTER SCIENCE, ARTIFICIAL INTELLIGENCE","SCIE","378","2.1","Q3","0.55","9.8"%,
"JOURNAL OF CHEMOMETRICS","J CHEMOMETR","WILEY","0886-9383","1099-128X","COMPUTER SCIENCE, ARTIFICIAL INTELLIGENCE","SCIE","3,936","2.1","Q3","0.53","30.57"%,
"Algorithms","ALGORITHMS","MDPI","N/A","1999-4893","COMPUTER SCIENCE, ARTIFICIAL INTELLIGENCE","ESCI","5,386","2.1","Q3","0.46","100"%,
"Journal on Multimodal User Interfaces","J MULTIMODAL USER IN","SPRINGER","1783-7677","1783-8738","COMPUTER SCIENCE, ARTIFICIAL INTELLIGENCE","SCIE","657","2.1","Q3","0.34","47.46"%,
"PATTERN ANALYSIS AND APPLICATIONS","PATTERN ANAL APPL","SPRINGER","1433-7541","1433-755X","COMPUTER SCIENCE, ARTIFICIAL INTELLIGENCE","SCIE","1,871","2","Q3","0.56","11.25"%,
"International Journal of Bio-Inspired Computation","INT J BIO-INSPIR COM","INDERSCIENCE ENTERPRISES LTD","1758-0366","1758-0374","COMPUTER SCIENCE, ARTIFICIAL INTELLIGENCE","SCIE","738","2","Q3","0.47","0"%,
"CCF Transactions on Pervasive Computing and Interaction","CCF T PERVAS COMPUT","SPRINGERNATURE","2524-521X","2524-5228","COMPUTER SCIENCE, ARTIFICIAL INTELLIGENCE","ESCI","296","2","Q3","0.36","7.14"%,
"Journal of Ambient Intelligence and Smart Environments","J AMB INTEL SMART EN","IOS PRESS","1876-1364","1876-1372","COMPUTER SCIENCE, ARTIFICIAL INTELLIGENCE","SCIE","512","2","Q3","0.36","1.47"%,
"ACM Transactions on Asian and Low-Resource Language Information Processing","ACM T ASIAN LOW-RESO","ASSOC COMPUTING MACHINERY","2375-4699","2375-4702","COMPUTER SCIENCE, ARTIFICIAL INTELLIGENCE","SCIE","1,386","2","Q3","0.35","2.03"%,
"Journal of Intelligent Systems","J INTELL SYST","DE GRUYTER POLAND SP Z O O","0334-1860","2191-026X","COMPUTER SCIENCE, ARTIFICIAL INTELLIGENCE","ESCI","946","2","Q3","0.35","100"%,
"KNOWLEDGE ENGINEERING REVIEW","KNOWL ENG REV","CAMBRIDGE UNIV PRESS","0269-8889","1469-8005","COMPUTER SCIENCE, ARTIFICIAL INTELLIGENCE","SCIE","1,064","2","Q3","0.18","37.04"%,
"Natural Language Engineering","NAT LANG ENG","CAMBRIDGE UNIV PRESS","1351-3249","1469-8110","COMPUTER SCIENCE, ARTIFICIAL INTELLIGENCE","SCIE","1,149","1.9","Q3","1.39","66.09"%,
"Swarm Intelligence","SWARM INTELL-US","SPRINGER","1935-3812","1935-3820","COMPUTER SCIENCE, ARTIFICIAL INTELLIGENCE","SCIE","915","1.9","Q3","0.75","41.67"%,
"Information Technology and Control","INF TECHNOL CONTROL","KAUNAS UNIV TECHNOLOGY","1392-124X","1392-124X","COMPUTER SCIENCE, ARTIFICIAL INTELLIGENCE","SCIE","527","1.9","Q3","0.37","89.6"%,
"Advances in Human-Computer Interaction","ADV HUM-COMPUT INTER","WILEY","1687-5893","1687-5907","COMPUTER SCIENCE, ARTIFICIAL INTELLIGENCE","ESCI","521","1.9","Q3","0.35","100"%,
"INTERNATIONAL JOURNAL OF INFORMATION TECHNOLOGY & DECISION MAKING","INT J INF TECH DECIS","WORLD SCIENTIFIC PUBL CO PTE LTD","0219-6220","1793-6845","COMPUTER SCIENCE, ARTIFICIAL INTELLIGENCE","SCIE","1,431","1.8","Q3","0.49","0.85"%,
"IET Biometrics","IET BIOMETRICS","WILEY","2047-4938","2047-4946","COMPUTER SCIENCE, ARTIFICIAL INTELLIGENCE","SCIE","749","1.8","Q3","0.33","93.24"%,
"JOURNAL OF EXPERIMENTAL & THEORETICAL ARTIFICIAL INTELLIGENCE","J EXP THEOR ARTIF IN","TAYLOR & FRANCIS LTD","0952-813X","1362-3079","COMPUTER SCIENCE, ARTIFICIAL INTELLIGENCE","SCIE","1,324","1.7","Q3","0.3","4.92"%,
"COMPUTATIONAL INTELLIGENCE","COMPUT INTELL-US","WILEY","0824-7935","1467-8640","COMPUTER SCIENCE, ARTIFICIAL INTELLIGENCE","SCIE","1,561","1.7","Q3","0.29","8.38"%,
"COMPUTING AND INFORMATICS","COMPUT INFORM","SLOVAK ACAD SCIENCES INST INFORMATICS","1335-9150","1335-9150","COMPUTER SCIENCE, ARTIFICIAL INTELLIGENCE","SCIE","561","1.7","Q3","0.23","0"%,
"NETWORK-COMPUTATION IN NEURAL SYSTEMS","NETWORK-COMP NEURAL","TAYLOR & FRANCIS INC","0954-898X","1361-6536","COMPUTER SCIENCE, ARTIFICIAL INTELLIGENCE","SCIE","643","1.6","Q3","0.37","3.05"%,
"Natural Computing","NAT COMPUT","SPRINGER","1567-7818","1572-9796","COMPUTER SCIENCE, ARTIFICIAL INTELLIGENCE","SCIE","1,085","1.6","Q3","0.35","44.14"%,
"ADCAIJ-Advances in Distributed Computing and Artificial Intelligence Journal","ADCAIJ-ADV DISTRIB C","EDICIONES UNIV SALAMANCA","2255-2863","2255-2863","COMPUTER SCIENCE, ARTIFICIAL INTELLIGENCE","ESCI","227","1.6","Q3","0.13","96.43"%,
"JOURNAL OF MATHEMATICAL IMAGING AND VISION","J MATH IMAGING VIS","SPRINGER","0924-9907","1573-7683","COMPUTER SCIENCE, ARTIFICIAL INTELLIGENCE","SCIE","2,162","1.5","Q4","0.47","39.19"%,
"ARTIFICIAL LIFE","ARTIF LIFE","MIT PRESS","1064-5462","1530-9185","COMPUTER SCIENCE, ARTIFICIAL INTELLIGENCE","SCIE","922","1.5","Q4","0.39","17.98"%,
"Turkish Journal of Electrical Engineering and Computer Sciences","TURK J ELECTR ENG CO","Tubitak Scientific & Technological Research Council Turkey","1300-0632","1303-6203","COMPUTER SCIENCE, ARTIFICIAL INTELLIGENCE","SCIE","1,975","1.5","Q4","0.25","13.27"%,
"International Journal of Knowledge-Based and Intelligent Engineering Systems","INT J KNOWL-BASED IN","IOS PRESS","1327-2314","1875-8827","COMPUTER SCIENCE, ARTIFICIAL INTELLIGENCE","ESCI","255","1.5","Q4","0.17","2.25"%,
"JOURNAL OF HEURISTICS","J HEURISTICS","SPRINGER","1381-1231","1572-9397","COMPUTER SCIENCE, ARTIFICIAL INTELLIGENCE","SCIE","1,252","1.4","Q4","0.32","29.41"%,
"Intelligenza Artificiale","INTELL ARTIF","IOS PRESS","1724-8035","2211-0097","COMPUTER SCIENCE, ARTIFICIAL INTELLIGENCE","ESCI","158","1.4","Q4","0.18","0"%,
"PROCESAMIENTO DEL LENGUAJE NATURAL","PROCES LENG NAT","SOC ESPANOLA PROCESAMIENTO LENGUAJE NATURAL-SEPLN","1135-5948","1989-7553","COMPUTER SCIENCE, ARTIFICIAL INTELLIGENCE","ESCI","270","1.3","Q4","0.47","0"%,
"ADAPTIVE BEHAVIOR","ADAPT BEHAV","SAGE PUBLICATIONS LTD","1059-7123","1741-2633","COMPUTER SCIENCE, ARTIFICIAL INTELLIGENCE","SCIE","833","1.3","Q4","0.42","29.55"%,
"Foundations of Computing and Decision Sciences","FOUND COMPUT DECIS S","SCIENDO","0867-6356","2300-3405","COMPUTER SCIENCE, ARTIFICIAL INTELLIGENCE","ESCI","225","1.3","Q4","0.3","100"%,
"IET Computer Vision","IET COMPUT VIS","WILEY","1751-9632","1751-9640","COMPUTER SCIENCE, ARTIFICIAL INTELLIGENCE","SCIE","985","1.3","Q4","0.28","93.78"%,
"CONSTRAINTS","CONSTRAINTS","SPRINGER","1383-7133","1572-9354","COMPUTER SCIENCE, ARTIFICIAL INTELLIGENCE","SCIE","391","1.3","Q4","0.24","46.67"%,
"International Journal of Computational Intelligence and Applications","INT J COMPUT INTELL","WORLD SCIENTIFIC PUBL CO PTE LTD","1469-0268","1757-5885","COMPUTER SCIENCE, ARTIFICIAL INTELLIGENCE","ESCI","525","1.3","Q4","0.21","0"%,
"Cognitive Computation and Systems","COGN COMPUT SYST","WILEY","N/A","2517-7567","COMPUTER SCIENCE, ARTIFICIAL INTELLIGENCE","ESCI","182","1.3","Q4","0.2","95.89"%,
"International Journal of Applied Mathematics and Computer Science","INT J AP MAT COM-POL","SCIENDO","1641-876X","2083-8492","COMPUTER SCIENCE, ARTIFICIAL INTELLIGENCE","SCIE","974","1.2","Q4","0.44","99.29"%,
"IET Cyber-systems and Robotics","IET CYBER-SYST ROBOT","WILEY","N/A","2631-6315","COMPUTER SCIENCE, ARTIFICIAL INTELLIGENCE","ESCI","246","1.2","Q4","0.27","96.43"%,
"Malaysian Journal of Computer Science","MALAYS J COMPUT SCI","UNIV MALAYA, FAC COMPUTER SCIENCE & INFORMATION TECH","0127-9084","0127-9084","COMPUTER SCIENCE, ARTIFICIAL INTELLIGENCE","SCIE","201","1.2","Q4","0.21","0"%,
"Advances in Fuzzy Systems","ADV FUZZY SYST","WILEY","1687-7101","1687-711X","COMPUTER SCIENCE, ARTIFICIAL INTELLIGENCE","ESCI","263","1.1","Q4","0.5","100"%,
"International Arab Journal of Information Technology","INT ARAB J INF TECHN","ZARKA PRIVATE UNIV","1683-3198","1683-3198","COMPUTER SCIENCE, ARTIFICIAL INTELLIGENCE","SCIE","815","1.1","Q4","0.27","75.17"%,
"Vietnam Journal of Computer Science","VIETNAM J COMPUT SCI","WORLD SCIENTIFIC PUBL CO PTE LTD","2196-8888","2196-8896","COMPUTER SCIENCE, ARTIFICIAL INTELLIGENCE","ESCI","173","1.1","Q4","0.2","80"%,
"International Journal of Innovative Computing Information and Control","INT J INNOV COMPUT I","ICIC INT","1349-4198","1349-418X","COMPUTER SCIENCE, ARTIFICIAL INTELLIGENCE","ESCI","1,173","1.1","Q4","0.18","0"%,
"INTERNATIONAL JOURNAL OF PATTERN RECOGNITION AND ARTIFICIAL INTELLIGENCE","INT J PATTERN RECOGN","WORLD SCIENTIFIC PUBL CO PTE LTD","0218-0014","1793-6381","COMPUTER SCIENCE, ARTIFICIAL INTELLIGENCE","SCIE","2,006","1.1","Q4","0.18","1.33"%,
"ANNALS OF MATHEMATICS AND ARTIFICIAL INTELLIGENCE","ANN MATH ARTIF INTEL","SPRINGER","1012-2443","1573-7470","COMPUTER SCIENCE, ARTIFICIAL INTELLIGENCE","SCIE","1,158","1","Q4","0.42","39.07"%,
"Argument & Computation","ARGUM COMPUT","IOS PRESS","1946-2166","1946-2174","COMPUTER SCIENCE, ARTIFICIAL INTELLIGENCE","ESCI","253","1","Q4","0.27","100"%,
"JOURNAL OF INTELLIGENT & FUZZY SYSTEMS","J INTELL FUZZY SYST","IOS PRESS","1064-1246","1875-8967","COMPUTER SCIENCE, ARTIFICIAL INTELLIGENCE","SCIE","10,970","1","Q4","0.25","1.28"%,
"Traitement du Signal","TRAIT SIGNAL","INT INFORMATION & ENGINEERING TECHNOLOGY ASSOC","0765-0019","1958-5608","COMPUTER SCIENCE, ARTIFICIAL INTELLIGENCE","SCIE","1,153","1","Q4","0.23","29.55"%,
"AI COMMUNICATIONS","AI COMMUN","IOS PRESS","0921-7126","1875-8452","COMPUTER SCIENCE, ARTIFICIAL INTELLIGENCE","SCIE","588","1","Q4","0.22","3.37"%,
"INTERNATIONAL JOURNAL OF UNCERTAINTY FUZZINESS AND KNOWLEDGE-BASED SYSTEMS","INT J UNCERTAIN FUZZ","WORLD SCIENTIFIC PUBL CO PTE LTD","0218-4885","1793-6411","COMPUTER SCIENCE, ARTIFICIAL INTELLIGENCE","SCIE","1,647","1","Q4","0.19","1.16"%,
"International Journal on Artificial Intelligence Tools","INT J ARTIF INTELL T","WORLD SCIENTIFIC PUBL CO PTE LTD","0218-2130","1793-6349","COMPUTER SCIENCE, ARTIFICIAL INTELLIGENCE","SCIE","692","1","Q4","0.19","3.35"%,
"International Journal of Cognitive Informatics and Natural Intelligence","INT J COGN INFORM NA","IGI GLOBAL","1557-3958","1557-3966","COMPUTER SCIENCE, ARTIFICIAL INTELLIGENCE","ESCI","137","1","Q4","0.1","100"%,
"Genetic Programming and Evolvable Machines","GENET PROGRAM EVOL M","SPRINGER","1389-2576","1573-7632","COMPUTER SCIENCE, ARTIFICIAL INTELLIGENCE","SCIE","711","0.9","Q4","0.28","48.98"%,
"Neural Network World","NEURAL NETW WORLD","ACAD SCIENCES CZECH REPUBLIC, INST COMPUTER SCIENCE","1210-0552","N/A","COMPUTER SCIENCE, ARTIFICIAL INTELLIGENCE","SCIE","316","0.9","Q4","0.12","0"%,
"International Journal of Swarm Intelligence Research","INT J SWARM INTELL R","IGI GLOBAL","1947-9263","1947-9271","COMPUTER SCIENCE, ARTIFICIAL INTELLIGENCE","ESCI","175","0.8","Q4","0.21","33.02"%,
"JOURNAL OF AUTOMATED REASONING","J AUTOM REASONING","SPRINGER","0168-7433","1573-0670","COMPUTER SCIENCE, ARTIFICIAL INTELLIGENCE","SCIE","940","0.8","Q4","0.19","53.33"%,
"Intelligent Data Analysis","INTELL DATA ANAL","IOS PRESS","1088-467X","1571-4128","COMPUTER SCIENCE, ARTIFICIAL INTELLIGENCE","SCIE","1,267","0.8","Q4","0.15","3.27"%,
"International Journal of Applied Pattern Recognition","INT J APPL PATTERN R","INDERSCIENCE ENTERPRISES LTD","2049-887X","2049-8888","COMPUTER SCIENCE, ARTIFICIAL INTELLIGENCE","ESCI","134","0.8","Q4","0.15","0"%,
"Intelligent Decision Technologies-Netherlands","INTELL DECIS TECHNOL","IOS PRESS","1872-4981","1875-8843","COMPUTER SCIENCE, ARTIFICIAL INTELLIGENCE","ESCI","341","0.8","Q4","0.13","1.48"%,
"Journal of Advanced Computational Intelligence and Intelligent Informatics","J ADV COMPUT INTELL","FUJI TECHNOLOGY PRESS LTD","1343-0130","1883-8014","COMPUTER SCIENCE, ARTIFICIAL INTELLIGENCE","ESCI","626","0.8","Q4","0.13","95.49"%,
"JOURNAL OF MULTIPLE-VALUED LOGIC AND SOFT COMPUTING","J MULT-VALUED LOG S","OLD CITY PUBLISHING INC","1542-3980","1542-3999","COMPUTER SCIENCE, ARTIFICIAL INTELLIGENCE","SCIE","533","0.7","Q4","0.49","0"%,
"Journal of Computer Science & Technology","J COMPUT SC TECH-ARG","UNIV NAC LA PLATA, FAC INFORMATICA","1666-6046","1666-6038","COMPUTER SCIENCE, ARTIFICIAL INTELLIGENCE","ESCI","80","0.7","Q4","0.33","86.96"%,
"Advances in Electrical and Computer Engineering","ADV ELECTR COMPUT EN","UNIV SUCEAVA, FAC ELECTRICAL ENG","1582-7445","1844-7600","COMPUTER SCIENCE, ARTIFICIAL INTELLIGENCE","SCIE","462","0.7","Q4","0.13","66.94"%,
"International Journal of Applied Metaheuristic Computing","INT J APPL METAHEUR","IGI GLOBAL","1947-8283","1947-8291","COMPUTER SCIENCE, ARTIFICIAL INTELLIGENCE","ESCI","146","0.7","Q4","0.13","100"%,
"International Journal of Biometrics","INT J BIOMETRICS","INDERSCIENCE ENTERPRISES LTD","1755-8301","1755-831X","COMPUTER SCIENCE, ARTIFICIAL INTELLIGENCE","ESCI","154","0.7","Q4","0.12","0"%,
"Journal of Logic Language and Information","J LOGIC LANG INFORM","SPRINGER","0925-8531","1572-9583","COMPUTER SCIENCE, ARTIFICIAL INTELLIGENCE","SCIE","311","0.6","Q4","0.62","38.67"%,
"INTERNATIONAL JOURNAL OF SOFTWARE ENGINEERING AND KNOWLEDGE ENGINEERING","INT J SOFTW ENG KNOW","WORLD SCIENTIFIC PUBL CO PTE LTD","0218-1940","1793-6403","COMPUTER SCIENCE, ARTIFICIAL INTELLIGENCE","SCIE","543","0.6","Q4","0.14","1.33"%,
"International Journal of Semantic Computing","INT J SEMANT COMPUT","WORLD SCIENTIFIC PUBL CO PTE LTD","1793-351X","1793-7108","COMPUTER SCIENCE, ARTIFICIAL INTELLIGENCE","ESCI","161","0.6","Q4","0.08","2.3"%,
"JOURNAL OF COMPUTER AND SYSTEMS SCIENCES INTERNATIONAL","J COMPUT SYS SC INT+","PLEIADES PUBLISHING INC","1064-2307","1555-6530","COMPUTER SCIENCE, ARTIFICIAL INTELLIGENCE","SCIE","414","0.5","Q4","0.1","0"%,
"Advances in Artificial Intelligence and Machine Learning","ADV ARTIF INTELL MAC","Shimur Publications","N/A","2582-9793","COMPUTER SCIENCE, ARTIFICIAL INTELLIGENCE","ESCI","62","0.5","Q4","0.07","0"%,
"International Journal of Data Mining Modelling and Management","INT J DATA MIN MODEL","INDERSCIENCE ENTERPRISES LTD","1759-1163","1759-1171","COMPUTER SCIENCE, ARTIFICIAL INTELLIGENCE","ESCI","89","0.5","Q4","0.06","0"%,
"Web Intelligence","WEB INTELL","IOS PRESS","2405-6456","2405-6464","COMPUTER SCIENCE, ARTIFICIAL INTELLIGENCE","ESCI","96","0.3","Q4","0.04","1.15"%,
"International Journal of System Dynamics Applications","INT J SYST DYN APPL","IGI GLOBAL","2160-9772","2160-9799","COMPUTER SCIENCE, ARTIFICIAL INTELLIGENCE","ESCI","92","0.1","Q4","0.14","90.91"%,
"Natural Language Processing","NAT LANG PROCESS-UK","CAMBRIDGE UNIV PRESS","N/A","2977-0424","COMPUTER SCIENCE, ARTIFICIAL INTELLIGENCE","SCIE","3","N/A","N/A","N/A","65.31"%,

Copyright (c) 2025 Clarivate 
By exporting the selected data; you agree to the data usage policy set forth in the Terms of Use 
