"Journal Data Filtered By:  Selected Categories: ENGINEERING, ELECTRICAL & ELECTRONIC Selected Editions: SCIE;SSCI;AHCI;ESCI Selected JCR Year: 2024 Selected Category Schema: WOS Selected Open Access: N Indicator: Default"

Journal name,JCR Abbreviation,Publisher,ISSN,eISSN,Category,Edition,Total Citations,2024 JIF,JIF Quartile,2024 JCI,% of Citable OA
"Nature Electronics","NAT ELECTRON","NATURE PORTFOLIO","2520-1131","2520-1131","ENGINEERING, ELECTRICAL & ELECTRONIC","SCIE","20,582","40.9","Q1","5.8","12.31"%,
"PROCEEDINGS OF THE IEEE","P IEEE","IEEE-INST ELECTRICAL ELECTRONICS ENGINEERS INC","0018-9219","1558-2256","ENGINEERING, ELECTRICAL & ELECTRONIC","SCIE","44,868","25.9","Q1","6","24.75"%,
"IEEE TRANSACTIONS ON PATTERN ANALYSIS AND MACHINE INTELLIGENCE","IEEE T PATTERN ANAL","IEEE COMPUTER SOC","0162-8828","1939-3539","ENGINEERING, ELECTRICAL & ELECTRONIC","SCIE","98,199","18.6","Q1","4.66","6.66"%,
"IEEE JOURNAL ON SELECTED AREAS IN COMMUNICATIONS","IEEE J SEL AREA COMM","IEEE-INST ELECTRICAL ELECTRONICS ENGINEERS INC","0733-8716","1558-0008","ENGINEERING, ELECTRICAL & ELECTRONIC","SCIE","30,768","17.2","Q1","3.8","5.98"%,
"eTransportation","ETRANSPORTATION","ELSEVIER","2590-1168","2590-1168","ENGINEERING, ELECTRICAL & ELECTRONIC","SCIE","4,432","17","Q1","2.73","15.05"%,
"npj Flexible Electronics","NPJ FLEX ELECTRON","NATURE PORTFOLIO","N/A","2397-4621","ENGINEERING, ELECTRICAL & ELECTRONIC","SCIE","4,555","15.5","Q1","2.62","99.15"%,
"IEEE Transactions on Intelligent Vehicles","IEEE T INTELL VEHICL","IEEE-INST ELECTRICAL ELECTRONICS ENGINEERS INC","2379-8858","2379-8904","ENGINEERING, ELECTRICAL & ELECTRONIC","SCIE","11,626","14.3","Q1","3.05","5.4"%,
"IEEE Journal of Selected Topics in Signal Processing","IEEE J-STSP","IEEE-INST ELECTRICAL ELECTRONICS ENGINEERS INC","1932-4553","1941-0484","ENGINEERING, ELECTRICAL & ELECTRONIC","SCIE","11,047","13.7","Q1","2.62","8.7"%,
"IEEE TRANSACTIONS ON IMAGE PROCESSING","IEEE T IMAGE PROCESS","IEEE-INST ELECTRICAL ELECTRONICS ENGINEERS INC","1057-7149","1941-0042","ENGINEERING, ELECTRICAL & ELECTRONIC","SCIE","84,385","13.7","Q1","2.21","3.17"%,
"PROGRESS IN QUANTUM ELECTRONICS","PROG QUANT ELECTRON","PERGAMON-ELSEVIER SCIENCE LTD","0079-6727","1873-1627","ENGINEERING, ELECTRICAL & ELECTRONIC","SCIE","2,093","12.5","Q1","0.91","15.56"%,
"IEEE TRANSACTIONS ON FUZZY SYSTEMS","IEEE T FUZZY SYST","IEEE-INST ELECTRICAL ELECTRONICS ENGINEERS INC","1063-6706","1941-0034","ENGINEERING, ELECTRICAL & ELECTRONIC","SCIE","29,239","11.9","Q1","2.76","2.65"%,
"Protection and Control of Modern Power Systems","PROT CONTR MOD POW","Power System Protection & Control Press","2367-2617","2367-0983","ENGINEERING, ELECTRICAL & ELECTRONIC","SCIE","2,589","11.9","Q1","1.73","91.11"%,
"IEEE WIRELESS COMMUNICATIONS","IEEE WIREL COMMUN","IEEE-INST ELECTRICAL ELECTRONICS ENGINEERS INC","1536-1284","1558-0687","ENGINEERING, ELECTRICAL & ELECTRONIC","SCIE","12,680","11.5","Q1","2.57","0"%,
"IEEE TRANSACTIONS ON CIRCUITS AND SYSTEMS FOR VIDEO TECHNOLOGY","IEEE T CIRC SYST VID","IEEE-INST ELECTRICAL ELECTRONICS ENGINEERS INC","1051-8215","1558-2205","ENGINEERING, ELECTRICAL & ELECTRONIC","SCIE","30,614","11.1","Q1","2.41","1.33"%,
"IEEE TRANSACTIONS ON CONSUMER ELECTRONICS","IEEE T CONSUM ELECTR","IEEE-INST ELECTRICAL ELECTRONICS ENGINEERS INC","0098-3063","1558-4127","ENGINEERING, ELECTRICAL & ELECTRONIC","SCIE","6,780","10.9","Q1","1.88","3.2"%,
"IEEE TRANSACTIONS ON WIRELESS COMMUNICATIONS","IEEE T WIREL COMMUN","IEEE-INST ELECTRICAL ELECTRONICS ENGINEERS INC","1536-1276","1558-2248","ENGINEERING, ELECTRICAL & ELECTRONIC","SCIE","53,106","10.7","Q1","2.45","5.53"%,
"IEEE TRANSACTIONS ON KNOWLEDGE AND DATA ENGINEERING","IEEE T KNOWL DATA EN","IEEE COMPUTER SOC","1041-4347","1558-2191","ENGINEERING, ELECTRICAL & ELECTRONIC","SCIE","31,820","10.4","Q1","2.71","3.13"%,
"IEEE Transactions on Sustainable Energy","IEEE T SUSTAIN ENERG","IEEE-INST ELECTRICAL ELECTRONICS ENGINEERS INC","1949-3029","1949-3037","ENGINEERING, ELECTRICAL & ELECTRONIC","SCIE","17,754","10","Q1","1.81","5.58"%,
"IEEE TRANSACTIONS ON MEDICAL IMAGING","IEEE T MED IMAGING","IEEE-INST ELECTRICAL ELECTRONICS ENGINEERS INC","0278-0062","1558-254X","ENGINEERING, ELECTRICAL & ELECTRONIC","SCIE","36,851","9.8","Q1","2.27","13.82"%,
"IEEE Transactions on Smart Grid","IEEE T SMART GRID","IEEE-INST ELECTRICAL ELECTRONICS ENGINEERS INC","1949-3053","1949-3061","ENGINEERING, ELECTRICAL & ELECTRONIC","SCIE","43,255","9.8","Q1","2.22","4.68"%,
"IEEE SIGNAL PROCESSING MAGAZINE","IEEE SIGNAL PROC MAG","IEEE-INST ELECTRICAL ELECTRONICS ENGINEERS INC","1053-5888","1558-0792","ENGINEERING, ELECTRICAL & ELECTRONIC","SCIE","17,314","9.6","Q1","2.26","0"%,
"Progress in Electromagnetics Research-PIER","PROG ELECTROMAGN RES","EMW PUBLISHING","1070-4698","1559-8985","ENGINEERING, ELECTRICAL & ELECTRONIC","SCIE","2,676","9.3","Q1","1.49","38.89"%,
"IEEE Internet of Things Journal","IEEE INTERNET THINGS","IEEE-INST ELECTRICAL ELECTRONICS ENGINEERS INC","2327-4662","2327-4662","ENGINEERING, ELECTRICAL & ELECTRONIC","SCIE","78,245","8.9","Q1","2.21","4.37"%,
"IEEE Transactions on Neural Networks and Learning Systems","IEEE T NEUR NET LEAR","IEEE-INST ELECTRICAL ELECTRONICS ENGINEERS INC","2162-237X","2162-2388","ENGINEERING, ELECTRICAL & ELECTRONIC","SCIE","72,345","8.9","Q1","2.21","4.48"%,
"IEEE TRANSACTIONS ON GEOSCIENCE AND REMOTE SENSING","IEEE T GEOSCI REMOTE","IEEE-INST ELECTRICAL ELECTRONICS ENGINEERS INC","0196-2892","1558-0644","ENGINEERING, ELECTRICAL & ELECTRONIC","SCIE","106,816","8.6","Q1","1.94","5.97"%,
"IEEE TRANSACTIONS ON INTELLIGENT TRANSPORTATION SYSTEMS","IEEE T INTELL TRANSP","IEEE-INST ELECTRICAL ELECTRONICS ENGINEERS INC","1524-9050","1558-0016","ENGINEERING, ELECTRICAL & ELECTRONIC","SCIE","62,678","8.4","Q1","1.86","4.16"%,
"IEEE TRANSACTIONS ON COMMUNICATIONS","IEEE T COMMUN","IEEE-INST ELECTRICAL ELECTRONICS ENGINEERS INC","0090-6778","1558-0857","ENGINEERING, ELECTRICAL & ELECTRONIC","SCIE","35,623","8.3","Q1","1.89","5.33"%,
"IEEE Transactions on Transportation Electrification","IEEE T TRANSP ELECTR","IEEE-INST ELECTRICAL ELECTRONICS ENGINEERS INC","2332-7782","2332-7782","ENGINEERING, ELECTRICAL & ELECTRONIC","SCIE","15,597","8.3","Q1","1.73","3.02"%,
"IEEE COMMUNICATIONS MAGAZINE","IEEE COMMUN MAG","IEEE-INST ELECTRICAL ELECTRONICS ENGINEERS INC","0163-6804","1558-1896","ENGINEERING, ELECTRICAL & ELECTRONIC","SCIE","22,160","8.2","Q1","1.86","0"%,
"IEEE Open Journal of the Computer Society","IEEE OPEN J COMP SOC","IEEE-INST ELECTRICAL ELECTRONICS ENGINEERS INC","N/A","2644-1268","ENGINEERING, ELECTRICAL & ELECTRONIC","ESCI","810","8.2","Q1","1.53","96.46"%,
"IEEE Transactions on Information Forensics and Security","IEEE T INF FOREN SEC","IEEE-INST ELECTRICAL ELECTRONICS ENGINEERS INC","1556-6013","1556-6021","ENGINEERING, ELECTRICAL & ELECTRONIC","SCIE","22,743","8","Q1","1.85","6.01"%,
"ENGINEERING APPLICATIONS OF ARTIFICIAL INTELLIGENCE","ENG APPL ARTIF INTEL","PERGAMON-ELSEVIER SCIENCE LTD","0952-1976","1873-6769","ENGINEERING, ELECTRICAL & ELECTRONIC","SCIE","35,142","8","Q1","1.73","11.24"%,
"PATTERN RECOGNITION","PATTERN RECOGN","ELSEVIER SCI LTD","0031-3203","1873-5142","ENGINEERING, ELECTRICAL & ELECTRONIC","SCIE","44,785","7.6","Q1","1.54","8.93"%,
"Science China-Information Sciences","SCI CHINA INFORM SCI","SCIENCE PRESS","1674-733X","1869-1919","ENGINEERING, ELECTRICAL & ELECTRONIC","SCIE","8,933","7.6","Q1","1.44","2.55"%,
"Internet of Things","INTERNET THINGS-NETH","ELSEVIER","2543-1536","2542-6605","ENGINEERING, ELECTRICAL & ELECTRONIC","SCIE","6,511","7.6","Q1","1.42","31.3"%,
"EXPERT SYSTEMS WITH APPLICATIONS","EXPERT SYST APPL","PERGAMON-ELSEVIER SCIENCE LTD","0957-4174","1873-6793","ENGINEERING, ELECTRICAL & ELECTRONIC","SCIE","102,444","7.5","Q1","1.5","10.99"%,
"IEEE-ASME TRANSACTIONS ON MECHATRONICS","IEEE-ASME T MECH","IEEE-INST ELECTRICAL ELECTRONICS ENGINEERS INC","1083-4435","1941-014X","ENGINEERING, ELECTRICAL & ELECTRONIC","SCIE","24,053","7.3","Q1","1.49","5.06"%,
"IEEE TRANSACTIONS ON INDUSTRIAL ELECTRONICS","IEEE T IND ELECTRON","IEEE-INST ELECTRICAL ELECTRONICS ENGINEERS INC","0278-0046","1557-9948","ENGINEERING, ELECTRICAL & ELECTRONIC","SCIE","98,244","7.2","Q1","1.89","2.17"%,
"IEEE TRANSACTIONS ON POWER SYSTEMS","IEEE T POWER SYST","IEEE-INST ELECTRICAL ELECTRONICS ENGINEERS INC","0885-8950","1558-0679","ENGINEERING, ELECTRICAL & ELECTRONIC","SCIE","50,025","7.2","Q1","1.7","5.33"%,
"IEEE Vehicular Technology Magazine","IEEE VEH TECHNOL MAG","IEEE-INST ELECTRICAL ELECTRONICS ENGINEERS INC","1556-6072","1556-6080","ENGINEERING, ELECTRICAL & ELECTRONIC","SCIE","3,486","7.2","Q1","1.47","5.3"%,
"IEEE TRANSACTIONS ON VEHICULAR TECHNOLOGY","IEEE T VEH TECHNOL","IEEE-INST ELECTRICAL ELECTRONICS ENGINEERS INC","0018-9545","1939-9359","ENGINEERING, ELECTRICAL & ELECTRONIC","SCIE","65,497","7.1","Q1","1.5","3.18"%,
"Chip","CHIP-PRC","ELSEVIER","2709-4723","2772-2724","ENGINEERING, ELECTRICAL & ELECTRONIC","ESCI","447","7.1","Q1","1","94.32"%,
"IEEE TRANSACTIONS ON AUTOMATIC CONTROL","IEEE T AUTOMAT CONTR","IEEE-INST ELECTRICAL ELECTRONICS ENGINEERS INC","0018-9286","1558-2523","ENGINEERING, ELECTRICAL & ELECTRONIC","SCIE","66,919","7","Q1","1.66","5.31"%,
"IEEE TRANSACTIONS ON POWER ELECTRONICS","IEEE T POWER ELECTR","IEEE-INST ELECTRICAL ELECTRONICS ENGINEERS INC","0885-8993","1941-0107","ENGINEERING, ELECTRICAL & ELECTRONIC","SCIE","83,039","6.5","Q1","1.59","3.44"%,
"IEEE NETWORK","IEEE NETWORK","IEEE-INST ELECTRICAL ELECTRONICS ENGINEERS INC","0890-8044","1558-156X","ENGINEERING, ELECTRICAL & ELECTRONIC","SCIE","11,388","6.3","Q1","1.63","0.68"%,
"Superconductivity","SUPERCONDUCT-PRC","ELSEVIER","N/A","2772-8307","ENGINEERING, ELECTRICAL & ELECTRONIC","ESCI","429","6.2","Q1","0.98","97.96"%,
"Journal of Modern Power Systems and Clean Energy","J MOD POWER SYST CLE","STATE GRID ELECTRIC POWER RESEARCH INST","2196-5625","2196-5420","ENGINEERING, ELECTRICAL & ELECTRONIC","SCIE","5,984","6.1","Q1","1.38","100"%,
"IEEE Open Journal of the Communications Society","IEEE OPEN J COMM SOC","IEEE-INST ELECTRICAL ELECTRONICS ENGINEERS INC","N/A","2644-125X","ENGINEERING, ELECTRICAL & ELECTRONIC","ESCI","5,144","6.1","Q1","1.37","98.52"%,
"IEEE INTELLIGENT SYSTEMS","IEEE INTELL SYST","IEEE COMPUTER SOC","1541-1672","1941-1294","ENGINEERING, ELECTRICAL & ELECTRONIC","SCIE","4,465","6.1","Q1","1.15","9.87"%,
"Neuromorphic Computing and Engineering","NEUROMORPH COMPUT EN","IOP Publishing Ltd","N/A","2634-4386","ENGINEERING, ELECTRICAL & ELECTRONIC","ESCI","920","6.1","Q1","1.04","96.74"%,
"IEEE TRANSACTIONS ON PARALLEL AND DISTRIBUTED SYSTEMS","IEEE T PARALL DISTR","IEEE COMPUTER SOC","1045-9219","1558-2183","ENGINEERING, ELECTRICAL & ELECTRONIC","SCIE","11,313","6","Q1","1.6","7.1"%,
"Machine Learning and Knowledge Extraction","MACH LEARN KNOW EXTR","MDPI","N/A","2504-4990","ENGINEERING, ELECTRICAL & ELECTRONIC","ESCI","1,846","6","Q1","0.9","100"%,
"Visual Computing for Industry Biomedicine and Art","VIS COMPUT IND BIOME","SPRINGER SINGAPORE PTE LTD","N/A","2524-4442","ENGINEERING, ELECTRICAL & ELECTRONIC","ESCI","702","6","Q1","0.82","100"%,
"IEEE TRANSACTIONS ON INSTRUMENTATION AND MEASUREMENT","IEEE T INSTRUM MEAS","IEEE-INST ELECTRICAL ELECTRONICS ENGINEERS INC","0018-9456","1557-9662","ENGINEERING, ELECTRICAL & ELECTRONIC","SCIE","57,678","5.9","Q1","1.37","4.42"%,
"AUTOMATICA","AUTOMATICA","PERGAMON-ELSEVIER SCIENCE LTD","0005-1098","1873-2836","ENGINEERING, ELECTRICAL & ELECTRONIC","SCIE","52,345","5.9","Q1","1.19","14.05"%,
"CSEE Journal of Power and Energy Systems","CSEE J POWER ENERGY","CHINA ELECTRIC POWER RESEARCH INST","2096-0042","2096-0042","ENGINEERING, ELECTRICAL & ELECTRONIC","SCIE","5,405","5.9","Q1","1.12","98.66"%,
"IEEE TRANSACTIONS ON ANTENNAS AND PROPAGATION","IEEE T ANTENN PROPAG","IEEE-INST ELECTRICAL ELECTRONICS ENGINEERS INC","0018-926X","1558-2221","ENGINEERING, ELECTRICAL & ELECTRONIC","SCIE","68,041","5.8","Q1","1.29","5.82"%,
"IEEE TRANSACTIONS ON SIGNAL PROCESSING","IEEE T SIGNAL PROCES","IEEE-INST ELECTRICAL ELECTRONICS ENGINEERS INC","1053-587X","1941-0476","ENGINEERING, ELECTRICAL & ELECTRONIC","SCIE","46,025","5.8","Q1","1.25","7.85"%,
"IEEE TRANSACTIONS ON AEROSPACE AND ELECTRONIC SYSTEMS","IEEE T AERO ELEC SYS","IEEE-INST ELECTRICAL ELECTRONICS ENGINEERS INC","0018-9251","1557-9603","ENGINEERING, ELECTRICAL & ELECTRONIC","SCIE","23,806","5.7","Q1","1.53","4.9"%,
"IEEE TRANSACTIONS ON RELIABILITY","IEEE T RELIAB","IEEE-INST ELECTRICAL ELECTRONICS ENGINEERS INC","0018-9529","1558-1721","ENGINEERING, ELECTRICAL & ELECTRONIC","SCIE","8,461","5.7","Q1","1.44","3.84"%,
"IEEE ANTENNAS AND PROPAGATION MAGAZINE","IEEE ANTENN PROPAG M","IEEE-INST ELECTRICAL ELECTRONICS ENGINEERS INC","1045-9243","1558-4143","ENGINEERING, ELECTRICAL & ELECTRONIC","SCIE","4,089","5.7","Q1","0.9","9.62"%,
"Foundations and Trends in Signal Processing","FOUND TRENDS SIGNAL","NOW PUBLISHERS INC","1932-8346","1932-8354","ENGINEERING, ELECTRICAL & ELECTRONIC","ESCI","830","5.7","Q1","0.76","88.89"%,
"IEEE TRANSACTIONS ON SOFTWARE ENGINEERING","IEEE T SOFTWARE ENG","IEEE COMPUTER SOC","0098-5589","1939-3520","ENGINEERING, ELECTRICAL & ELECTRONIC","SCIE","11,074","5.6","Q1","1.76","13.74"%,
"IEEE JOURNAL OF SOLID-STATE CIRCUITS","IEEE J SOLID-ST CIRC","IEEE-INST ELECTRICAL ELECTRONICS ENGINEERS INC","0018-9200","1558-173X","ENGINEERING, ELECTRICAL & ELECTRONIC","SCIE","27,097","5.6","Q1","1.19","9.15"%,
"Sustainable Energy Grids & Networks","SUSTAIN ENERGY GRIDS","ELSEVIER","2352-4677","2352-4677","ENGINEERING, ELECTRICAL & ELECTRONIC","SCIE","5,073","5.6","Q1","1.06","23.45"%,
"Smart Cities","SMART CITIES-BASEL","MDPI","N/A","2624-6511","ENGINEERING, ELECTRICAL & ELECTRONIC","ESCI","2,952","5.5","Q1","1.56","100"%,
"IEEE Wireless Communications Letters","IEEE WIREL COMMUN LE","IEEE-INST ELECTRICAL ELECTRONICS ENGINEERS INC","2162-2337","2162-2345","ENGINEERING, ELECTRICAL & ELECTRONIC","SCIE","18,235","5.5","Q1","1.29","4.33"%,
"IEEE TRANSACTIONS ON ENERGY CONVERSION","IEEE T ENERGY CONVER","IEEE-INST ELECTRICAL ELECTRONICS ENGINEERS INC","0885-8969","1558-0059","ENGINEERING, ELECTRICAL & ELECTRONIC","SCIE","15,333","5.4","Q1","1.02","2.91"%,
"IEEE Journal of Selected Topics in Applied Earth Observations and Remote Sensing","IEEE J-STARS","IEEE-INST ELECTRICAL ELECTRONICS ENGINEERS INC","1939-1404","2151-1535","ENGINEERING, ELECTRICAL & ELECTRONIC","SCIE","30,385","5.3","Q1","1.16","98.3"%,
"IEEE JOURNAL OF OCEANIC ENGINEERING","IEEE J OCEANIC ENG","IEEE-INST ELECTRICAL ELECTRONICS ENGINEERS INC","0364-9059","1558-1691","ENGINEERING, ELECTRICAL & ELECTRONIC","SCIE","7,445","5.3","Q1","1.12","15.69"%,
"IEEE Open Journal of Intelligent Transportation Systems","IEEE OPEN J INTEL TR","IEEE-INST ELECTRICAL ELECTRONICS ENGINEERS INC","N/A","2687-7813","ENGINEERING, ELECTRICAL & ELECTRONIC","ESCI","970","5.3","Q1","1","98.96"%,
"IEEE TRANSACTIONS ON CIRCUITS AND SYSTEMS I-REGULAR PAPERS","IEEE T CIRCUITS-I","IEEE-INST ELECTRICAL ELECTRONICS ENGINEERS INC","1549-8328","1558-0806","ENGINEERING, ELECTRICAL & ELECTRONIC","SCIE","22,364","5.2","Q1","1.21","5.04"%,
"Frontiers of Optoelectronics","FRONT OPTOELECTRON","HIGHER EDUCATION PRESS","2095-2759","2095-2767","ENGINEERING, ELECTRICAL & ELECTRONIC","ESCI","1,302","5.2","Q1","0.8","100"%,
"IEEE-ACM Transactions on Audio Speech and Language Processing","IEEE-ACM T AUDIO SPE","IEEE-INST ELECTRICAL ELECTRONICS ENGINEERS INC","2329-9290","2329-9304","ENGINEERING, ELECTRICAL & ELECTRONIC","SCIE","11,151","5.1","Q1","1.54","15.57"%,
"IEEE JOURNAL OF SELECTED TOPICS IN QUANTUM ELECTRONICS","IEEE J SEL TOP QUANT","IEEE-INST ELECTRICAL ELECTRONICS ENGINEERS INC","1077-260X","1558-4542","ENGINEERING, ELECTRICAL & ELECTRONIC","SCIE","11,950","5.1","Q1","1.17","22.88"%,
"iEnergy","IENERGY","TSINGHUA UNIV PRESS","N/A","2771-9197","ENGINEERING, ELECTRICAL & ELECTRONIC","ESCI","310","5.1","Q1","0.54","100"%,
"INTERNATIONAL JOURNAL OF ELECTRICAL POWER & ENERGY SYSTEMS","INT J ELEC POWER","ELSEVIER SCI LTD","0142-0615","1879-3517","ENGINEERING, ELECTRICAL & ELECTRONIC","SCIE","30,676","5","Q1","1.17","49.63"%,
"Automotive Innovation","AUTOMOTIVE INNOV","SPRINGERNATURE","2096-4250","2522-8765","ENGINEERING, ELECTRICAL & ELECTRONIC","ESCI","1,028","5","Q1","1.09","29.37"%,
"IEEE Intelligent Transportation Systems Magazine","IEEE INTEL TRANSP SY","IEEE-INST ELECTRICAL ELECTRONICS ENGINEERS INC","1939-1390","1941-1197","ENGINEERING, ELECTRICAL & ELECTRONIC","SCIE","2,880","5","Q1","1","0"%,
"IEEE Journal of Microwaves","IEEE J MICROW","IEEE-INST ELECTRICAL ELECTRONICS ENGINEERS INC","N/A","2692-8388","ENGINEERING, ELECTRICAL & ELECTRONIC","ESCI","1,686","4.9","Q1","1.59","99.57"%,
"IEEE Journal of Emerging and Selected Topics in Power Electronics","IEEE J EM SEL TOP P","IEEE-INST ELECTRICAL ELECTRONICS ENGINEERS INC","2168-6777","2168-6785","ENGINEERING, ELECTRICAL & ELECTRONIC","SCIE","17,439","4.9","Q1","1.26","2.65"%,
"IEEE TRANSACTIONS ON CIRCUITS AND SYSTEMS II-EXPRESS BRIEFS","IEEE T CIRCUITS-II","IEEE-INST ELECTRICAL ELECTRONICS ENGINEERS INC","1549-7747","1558-3791","ENGINEERING, ELECTRICAL & ELECTRONIC","SCIE","24,500","4.9","Q1","1.14","2.74"%,
"SENSORS AND ACTUATORS A-PHYSICAL","SENSOR ACTUAT A-PHYS","ELSEVIER SCIENCE SA","0924-4247","1873-3069","ENGINEERING, ELECTRICAL & ELECTRONIC","SCIE","32,778","4.9","Q1","1.06","8.42"%,
"COMPUTERS & ELECTRICAL ENGINEERING","COMPUT ELECTR ENG","PERGAMON-ELSEVIER SCIENCE LTD","0045-7906","1879-0755","ENGINEERING, ELECTRICAL & ELECTRONIC","SCIE","13,365","4.9","Q1","1.03","4.91"%,
"IEEE Transactions on Signal and Information Processing over Networks","IEEE T SIGNAL INF PR","IEEE-INST ELECTRICAL ELECTRONICS ENGINEERS INC","2373-776X","2373-776X","ENGINEERING, ELECTRICAL & ELECTRONIC","SCIE","1,912","4.9","Q1","0.94","4.17"%,
"High Voltage","HIGH VOLT","WILEY","2397-7264","2397-7264","ENGINEERING, ELECTRICAL & ELECTRONIC","SCIE","2,943","4.9","Q1","0.91","94.19"%,
"IEEE Transactions on Biomedical Circuits and Systems","IEEE T BIOMED CIRC S","IEEE-INST ELECTRICAL ELECTRONICS ENGINEERS INC","1932-4545","1940-9990","ENGINEERING, ELECTRICAL & ELECTRONIC","SCIE","6,159","4.9","Q1","0.89","10.69"%,
"JOURNAL OF LIGHTWAVE TECHNOLOGY","J LIGHTWAVE TECHNOL","IEEE-INST ELECTRICAL ELECTRONICS ENGINEERS INC","0733-8724","1558-2213","ENGINEERING, ELECTRICAL & ELECTRONIC","SCIE","37,775","4.8","Q1","1.2","11.68"%,
"IEEE Transactions on Computational Imaging","IEEE T COMPUT IMAG","IEEE-INST ELECTRICAL ELECTRONICS ENGINEERS INC","2573-0436","2333-9403","ENGINEERING, ELECTRICAL & ELECTRONIC","SCIE","3,822","4.8","Q1","1.07","10.53"%,
"IEEE Antennas and Wireless Propagation Letters","IEEE ANTENN WIREL PR","IEEE-INST ELECTRICAL ELECTRONICS ENGINEERS INC","1536-1225","1548-5757","ENGINEERING, ELECTRICAL & ELECTRONIC","SCIE","27,507","4.8","Q1","1.04","3.4"%,
"IEEE Open Journal of Vehicular Technology","IEEE OPEN J VEH TECH","IEEE-INST ELECTRICAL ELECTRONICS ENGINEERS INC","N/A","2644-1330","ENGINEERING, ELECTRICAL & ELECTRONIC","ESCI","987","4.8","Q1","1.01","98.01"%,
"IEEE TRANSACTIONS ON BROADCASTING","IEEE T BROADCAST","IEEE-INST ELECTRICAL ELECTRONICS ENGINEERS INC","0018-9316","1557-9611","ENGINEERING, ELECTRICAL & ELECTRONIC","SCIE","3,017","4.8","Q1","0.96","8.91"%,
"ACS Applied Electronic Materials","ACS APPL ELECTRON MA","AMER CHEMICAL SOC","N/A","2637-6113","ENGINEERING, ELECTRICAL & ELECTRONIC","SCIE","14,000","4.7","Q2","0.9","10.37"%,
"Nano Communication Networks","NANO COMMUN NETW","ELSEVIER","1878-7789","1878-7797","ENGINEERING, ELECTRICAL & ELECTRONIC","SCIE","741","4.7","Q2","0.79","5.06"%,
"Computer Networks","COMPUT NETW","ELSEVIER","1389-1286","1872-7069","ENGINEERING, ELECTRICAL & ELECTRONIC","SCIE","15,734","4.6","Q2","1.08","19.38"%,
"CONTROL ENGINEERING PRACTICE","CONTROL ENG PRACT","PERGAMON-ELSEVIER SCIENCE LTD","0967-0661","1873-6939","ENGINEERING, ELECTRICAL & ELECTRONIC","SCIE","11,098","4.6","Q2","1.06","19.04"%,
"MATERIALS SCIENCE IN SEMICONDUCTOR PROCESSING","MAT SCI SEMICON PROC","ELSEVIER SCI LTD","1369-8001","1873-4081","ENGINEERING, ELECTRICAL & ELECTRONIC","SCIE","21,632","4.6","Q2","0.87","5.61"%,
"IEEE TRANSACTIONS ON INDUSTRY APPLICATIONS","IEEE T IND APPL","IEEE-INST ELECTRICAL ELECTRONICS ENGINEERS INC","0093-9994","1939-9367","ENGINEERING, ELECTRICAL & ELECTRONIC","SCIE","34,625","4.5","Q2","1.21","3.15"%,
"IEEE ELECTRON DEVICE LETTERS","IEEE ELECTR DEVICE L","IEEE-INST ELECTRICAL ELECTRONICS ENGINEERS INC","0741-3106","1558-0563","ENGINEERING, ELECTRICAL & ELECTRONIC","SCIE","23,123","4.5","Q2","1.07","3.84"%,
"IEEE TRANSACTIONS ON MICROWAVE THEORY AND TECHNIQUES","IEEE T MICROW THEORY","IEEE-INST ELECTRICAL ELECTRONICS ENGINEERS INC","0018-9480","1557-9670","ENGINEERING, ELECTRICAL & ELECTRONIC","SCIE","35,202","4.5","Q2","1.03","9.1"%,
"IEEE SENSORS JOURNAL","IEEE SENS J","IEEE-INST ELECTRICAL ELECTRONICS ENGINEERS INC","1530-437X","1558-1748","ENGINEERING, ELECTRICAL & ELECTRONIC","SCIE","73,147","4.5","Q2","1","5.01"%,
"Proceedings of the ACM on Interactive Mobile Wearable and Ubiquitous Technologies-IMWUT","PROC ACM INTERACT MO","ASSOC COMPUTING MACHINERY","N/A","2474-9567","ENGINEERING, ELECTRICAL & ELECTRONIC","ESCI","7,206","4.5","Q2","0.89","19.94"%,
"IEEE Systems Journal","IEEE SYST J","IEEE-INST ELECTRICAL ELECTRONICS ENGINEERS INC","1932-8184","1937-9234","ENGINEERING, ELECTRICAL & ELECTRONIC","SCIE","15,115","4.4","Q2","1.02","4.07"%,
"IEEE Geoscience and Remote Sensing Letters","IEEE GEOSCI REMOTE S","IEEE-INST ELECTRICAL ELECTRONICS ENGINEERS INC","1545-598X","1558-0571","ENGINEERING, ELECTRICAL & ELECTRONIC","SCIE","31,356","4.4","Q2","1","4.11"%,
"IEEE Open Journal of the Industrial Electronics Society","IEEE OPEN J IND ELEC","IEEE-INST ELECTRICAL ELECTRONICS ENGINEERS INC","N/A","2644-1284","ENGINEERING, ELECTRICAL & ELECTRONIC","ESCI","991","4.3","Q2","1.08","97.88"%,
"COMPUTER COMMUNICATIONS","COMPUT COMMUN","ELSEVIER","0140-3664","1873-703X","ENGINEERING, ELECTRICAL & ELECTRONIC","SCIE","11,005","4.3","Q2","0.99","13.63"%,
"APPLIED ARTIFICIAL INTELLIGENCE","APPL ARTIF INTELL","TAYLOR & FRANCIS INC","0883-9514","1087-6545","ENGINEERING, ELECTRICAL & ELECTRONIC","SCIE","2,929","4.3","Q2","0.59","96.66"%,
"Journal of the Franklin Institute","J FRANKLIN I","PERGAMON-ELSEVIER SCIENCE LTD","0016-0032","1879-2693","ENGINEERING, ELECTRICAL & ELECTRONIC","SCIE","16,781","4.2","Q2","1.06","2.99"%,
"IMAGE AND VISION COMPUTING","IMAGE VISION COMPUT","ELSEVIER","0262-8856","1872-8138","ENGINEERING, ELECTRICAL & ELECTRONIC","SCIE","6,737","4.2","Q2","1.01","7.42"%,
"ELECTRIC POWER SYSTEMS RESEARCH","ELECTR POW SYST RES","ELSEVIER SCIENCE SA","0378-7796","1873-2046","ENGINEERING, ELECTRICAL & ELECTRONIC","SCIE","22,117","4.2","Q2","0.86","12.44"%,
"IEEE Consumer Electronics Magazine","IEEE CONSUM ELECTR M","IEEE-INST ELECTRICAL ELECTRONICS ENGINEERS INC","2162-2248","2162-2256","ENGINEERING, ELECTRICAL & ELECTRONIC","SCIE","1,813","4.1","Q2","1.24","0"%,
"IEEE Industrial Electronics Magazine","IEEE IND ELECTRON M","IEEE-INST ELECTRICAL ELECTRONICS ENGINEERS INC","1932-4529","1941-0115","ENGINEERING, ELECTRICAL & ELECTRONIC","SCIE","2,405","4.1","Q2","1.06","0"%,
"OPTICAL AND QUANTUM ELECTRONICS","OPT QUANT ELECTRON","SPRINGER","0306-8919","1572-817X","ENGINEERING, ELECTRICAL & ELECTRONIC","SCIE","18,454","4","Q2","1.05","8.64"%,
"IEEE Journal of Emerging and Selected Topics in Industrial Electronics","IEEE J EM SEL TOP IN","IEEE-INST ELECTRICAL ELECTRONICS ENGINEERS INC","2687-9735","2687-9743","ENGINEERING, ELECTRICAL & ELECTRONIC","ESCI","1,479","4","Q2","1.04","5.03"%,
"IEEE Transactions on Terahertz Science and Technology","IEEE T THZ SCI TECHN","IEEE-INST ELECTRICAL ELECTRONICS ENGINEERS INC","2156-342X","2156-3446","ENGINEERING, ELECTRICAL & ELECTRONIC","SCIE","3,625","4","Q2","0.93","17.7"%,
"IEEE TRANSACTIONS ON CONTROL SYSTEMS TECHNOLOGY","IEEE T CONTR SYST T","IEEE-INST ELECTRICAL ELECTRONICS ENGINEERS INC","1063-6536","1558-0865","ENGINEERING, ELECTRICAL & ELECTRONIC","SCIE","16,542","3.9","Q2","0.99","12.16"%,
"IEEE SIGNAL PROCESSING LETTERS","IEEE SIGNAL PROC LET","IEEE-INST ELECTRICAL ELECTRONICS ENGINEERS INC","1070-9908","1558-2361","ENGINEERING, ELECTRICAL & ELECTRONIC","SCIE","18,076","3.9","Q2","0.87","4"%,
"IEEE Open Journal of Power Electronics","IEEE OPEN J POWER EL","IEEE-INST ELECTRICAL ELECTRONICS ENGINEERS INC","N/A","2644-1314","ENGINEERING, ELECTRICAL & ELECTRONIC","ESCI","1,221","3.9","Q2","0.84","98.92"%,
"IEEE AEROSPACE AND ELECTRONIC SYSTEMS MAGAZINE","IEEE AERO EL SYS MAG","IEEE-INST ELECTRICAL ELECTRONICS ENGINEERS INC","0885-8985","1557-959X","ENGINEERING, ELECTRICAL & ELECTRONIC","SCIE","2,462","3.8","Q2","1.04","0.76"%,
"IEEE Journal on Emerging and Selected Topics in Circuits and Systems","IEEE J EM SEL TOP C","IEEE-INST ELECTRICAL ELECTRONICS ENGINEERS INC","2156-3357","2156-3365","ENGINEERING, ELECTRICAL & ELECTRONIC","SCIE","2,768","3.8","Q2","1.01","10.04"%,
"IEEE TRANSACTIONS ON COMPUTERS","IEEE T COMPUT","IEEE COMPUTER SOC","0018-9340","1557-9956","ENGINEERING, ELECTRICAL & ELECTRONIC","SCIE","9,759","3.8","Q2","0.95","7.62"%,
"INTERNATIONAL JOURNAL OF ADAPTIVE CONTROL AND SIGNAL PROCESSING","INT J ADAPT CONTROL","WILEY","0890-6327","1099-1115","ENGINEERING, ELECTRICAL & ELECTRONIC","SCIE","3,648","3.8","Q2","0.8","5.5"%,
"IET Nanodielectrics","IET NANODIELECTR","WILEY","N/A","2514-3255","ENGINEERING, ELECTRICAL & ELECTRONIC","ESCI","513","3.8","Q2","0.46","96.67"%,
"IEEE TRANSACTIONS ON POWER DELIVERY","IEEE T POWER DELIVER","IEEE-INST ELECTRICAL ELECTRONICS ENGINEERS INC","0885-8977","1937-4208","ENGINEERING, ELECTRICAL & ELECTRONIC","SCIE","22,373","3.7","Q2","0.96","3.75"%,
"IEEE TRANSACTIONS ON ULTRASONICS FERROELECTRICS AND FREQUENCY CONTROL","IEEE T ULTRASON FERR","IEEE-INST ELECTRICAL ELECTRONICS ENGINEERS INC","0885-3010","1525-8955","ENGINEERING, ELECTRICAL & ELECTRONIC","SCIE","13,525","3.7","Q2","0.95","14.57"%,
"ACM Transactions on Internet of Things","ACM T INTERNET THING","ASSOC COMPUTING MACHINERY","2691-1914","2577-6207","ENGINEERING, ELECTRICAL & ELECTRONIC","ESCI","444","3.7","Q2","0.84","4.76"%,
"Applied System Innovation","APPL SYST INNOV","MDPI","N/A","2571-5577","ENGINEERING, ELECTRICAL & ELECTRONIC","ESCI","1,850","3.7","Q2","0.83","100"%,
"IEEE-ACM TRANSACTIONS ON NETWORKING","IEEE ACM T NETWORK","IEEE-INST ELECTRICAL ELECTRONICS ENGINEERS INC","1063-6692","1558-2566","ENGINEERING, ELECTRICAL & ELECTRONIC","SCIE","9,488","3.6","Q2","0.84","3.56"%,
"IEEE Access","IEEE ACCESS","IEEE-INST ELECTRICAL ELECTRONICS ENGINEERS INC","2169-3536","2169-3536","ENGINEERING, ELECTRICAL & ELECTRONIC","SCIE","294,150","3.6","Q2","0.82","98.18"%,
"IEEE Open Journal of Antennas and Propagation","IEEE OPEN J ANTENN P","IEEE-INST ELECTRICAL ELECTRONICS ENGINEERS INC","N/A","2637-6431","ENGINEERING, ELECTRICAL & ELECTRONIC","ESCI","1,630","3.6","Q2","0.81","98.41"%,
"SIGNAL PROCESSING","SIGNAL PROCESS","ELSEVIER","0165-1684","1872-7557","ENGINEERING, ELECTRICAL & ELECTRONIC","SCIE","16,849","3.6","Q2","0.81","5.81"%,
"TSINGHUA SCIENCE AND TECHNOLOGY","TSINGHUA SCI TECHNOL","TSINGHUA UNIV PRESS","1007-0214","1878-7606","ENGINEERING, ELECTRICAL & ELECTRONIC","SCIE","2,464","3.5","Q2","1.42","93.09"%,
"IEEE Circuits and Systems Magazine","IEEE CIRC SYST MAG","IEEE-INST ELECTRICAL ELECTRONICS ENGINEERS INC","1531-636X","1558-0830","ENGINEERING, ELECTRICAL & ELECTRONIC","SCIE","1,339","3.5","Q2","1.08","0"%,
"SENSORS","SENSORS-BASEL","MDPI","N/A","1424-8220","ENGINEERING, ELECTRICAL & ELECTRONIC","SCIE","208,517","3.5","Q2","0.83","99.97"%,
"COMPUTER VISION AND IMAGE UNDERSTANDING","COMPUT VIS IMAGE UND","ACADEMIC PRESS INC ELSEVIER SCIENCE","1077-3142","1090-235X","ENGINEERING, ELECTRICAL & ELECTRONIC","SCIE","7,317","3.5","Q2","0.78","16.7"%,
"Chinese Journal of Electrical Engineering","CHINESE J ELECTR ENG","CHINA MACHINE PRESS","2096-1529","2836-4619","ENGINEERING, ELECTRICAL & ELECTRONIC","ESCI","853","3.5","Q2","0.57","99.18"%,
"DISPLAYS","DISPLAYS","ELSEVIER","0141-9382","1872-7387","ENGINEERING, ELECTRICAL & ELECTRONIC","SCIE","3,166","3.4","Q2","0.89","7.14"%,
"IEEE Journal of Radio Frequency Identification","IEEE J RADIO FREQ ID","IEEE-INST ELECTRICAL ELECTRONICS ENGINEERS INC","N/A","2469-7281","ENGINEERING, ELECTRICAL & ELECTRONIC","ESCI","1,147","3.4","Q2","0.7","8.21"%,
"IEEE Microwave and Wireless Technology Letters","IEEE MICROW WIREL TE","IEEE-INST ELECTRICAL ELECTRONICS ENGINEERS INC","2771-957X","2771-9588","ENGINEERING, ELECTRICAL & ELECTRONIC","SCIE","1,586","3.4","Q2","0.69","4.99"%,
"IEEE Open Journal of Industry Applications","IEEE OPEN J IND APPL","IEEE-INST ELECTRICAL ELECTRONICS ENGINEERS INC","N/A","2644-1241","ENGINEERING, ELECTRICAL & ELECTRONIC","ESCI","581","3.3","Q2","0.76","100"%,
"IEEE MICROWAVE AND WIRELESS COMPONENTS LETTERS","IEEE MICROW WIREL CO","IEEE-INST ELECTRICAL ELECTRONICS ENGINEERS INC","1531-1309","1558-1764","ENGINEERING, ELECTRICAL & ELECTRONIC","SCIE","10,615","3.3","Q2","0.74","4.88"%,
"INTERNATIONAL JOURNAL OF ROBUST AND NONLINEAR CONTROL","INT J ROBUST NONLIN","WILEY","1049-8923","1099-1239","ENGINEERING, ELECTRICAL & ELECTRONIC","SCIE","13,839","3.2","Q2","1.07","5.69"%,
"AEU-INTERNATIONAL JOURNAL OF ELECTRONICS AND COMMUNICATIONS","AEU-INT J ELECTRON C","ELSEVIER GMBH","1434-8411","1618-0399","ENGINEERING, ELECTRICAL & ELECTRONIC","SCIE","8,271","3.2","Q2","0.74","5.18"%,
"IEEE Journal of Electromagnetics RF and Microwaves in Medicine and Biology","IEEE J ELECTROMAG RF","IEEE-INST ELECTRICAL ELECTRONICS ENGINEERS INC","2469-7249","2469-7257","ENGINEERING, ELECTRICAL & ELECTRONIC","ESCI","997","3.2","Q2","0.74","11.67"%,
"IEEE Open Journal of the Solid-State Circuits Society","IEEE OPEN J SOLID-ST","IEEE-INST ELECTRICAL ELECTRONICS ENGINEERS INC","N/A","2644-1349","ENGINEERING, ELECTRICAL & ELECTRONIC","ESCI","256","3.2","Q2","0.69","98.55"%,
"IEEE TRANSACTIONS ON ELECTRON DEVICES","IEEE T ELECTRON DEV","IEEE-INST ELECTRICAL ELECTRONICS ENGINEERS INC","0018-9383","1557-9646","ENGINEERING, ELECTRICAL & ELECTRONIC","SCIE","36,717","3.2","Q2","0.69","4.51"%,
"Flexible and Printed Electronics","FLEX PRINT ELECTRON","IOP Publishing Ltd","2058-8585","2058-8585","ENGINEERING, ELECTRICAL & ELECTRONIC","SCIE","1,545","3.2","Q2","0.55","44.62"%,
"IEEE Open Access Journal of Power and Energy","IEEE OP AC J POW ENE","IEEE-INST ELECTRICAL ELECTRONICS ENGINEERS INC","N/A","2687-7910","ENGINEERING, ELECTRICAL & ELECTRONIC","ESCI","826","3.2","Q2","0.54","99.39"%,
"APSIPA Transactions on Signal and Information Processing","APSIPA TRANS SIGNAL","NOW PUBLISHERS INC","2048-7703","2048-7703","ENGINEERING, ELECTRICAL & ELECTRONIC","ESCI","850","3.2","Q2","0.53","94.34"%,
"MECHATRONICS","MECHATRONICS","PERGAMON-ELSEVIER SCIENCE LTD","0957-4158","0957-4158","ENGINEERING, ELECTRICAL & ELECTRONIC","SCIE","5,692","3.1","Q2","0.7","17.95"%,
"IEEE TRANSACTIONS ON VERY LARGE SCALE INTEGRATION (VLSI) SYSTEMS","IEEE T VLSI SYST","IEEE-INST ELECTRICAL ELECTRONICS ENGINEERS INC","1063-8210","1557-9999","ENGINEERING, ELECTRICAL & ELECTRONIC","SCIE","7,349","3.1","Q2","0.68","4.05"%,
"IEEE TRANSACTIONS ON DIELECTRICS AND ELECTRICAL INSULATION","IEEE T DIELECT EL IN","IEEE-INST ELECTRICAL ELECTRONICS ENGINEERS INC","1070-9878","1558-4135","ENGINEERING, ELECTRICAL & ELECTRONIC","SCIE","14,198","3.1","Q2","0.65","1.85"%,
"JOURNAL OF MICROELECTROMECHANICAL SYSTEMS","J MICROELECTROMECH S","IEEE-INST ELECTRICAL ELECTRONICS ENGINEERS INC","1057-7157","1941-0158","ENGINEERING, ELECTRICAL & ELECTRONIC","SCIE","6,890","3.1","Q2","0.59","8.3"%,
"MICROELECTRONIC ENGINEERING","MICROELECTRON ENG","ELSEVIER","0167-9317","1873-5568","ENGINEERING, ELECTRICAL & ELECTRONIC","SCIE","8,106","3.1","Q2","0.55","11.11"%,
"Micro and Nano Engineering","MICRO NANO ENG","ELSEVIER","N/A","2590-0072","ENGINEERING, ELECTRICAL & ELECTRONIC","ESCI","692","3.1","Q2","0.54","100"%,
"DIGITAL SIGNAL PROCESSING","DIGIT SIGNAL PROCESS","ACADEMIC PRESS INC ELSEVIER SCIENCE","1051-2004","1095-4333","ENGINEERING, ELECTRICAL & ELECTRONIC","SCIE","7,998","3","Q2","0.67","3.89"%,
"Journal of Real-Time Image Processing","J REAL-TIME IMAGE PR","SPRINGER HEIDELBERG","1861-8200","1861-8219","ENGINEERING, ELECTRICAL & ELECTRONIC","SCIE","2,038","3","Q2","0.63","9.81"%,
"IEEE Electrification Magazine","IEEE ELECTRIF MAG","IEEE-INST ELECTRICAL ELECTRONICS ENGINEERS INC","2325-5897","2325-5889","ENGINEERING, ELECTRICAL & ELECTRONIC","ESCI","1,006","3","Q2","0.62","0"%,
"IEEE Transactions on Components Packaging and Manufacturing Technology","IEEE T COMP PACK MAN","IEEE-INST ELECTRICAL ELECTRONICS ENGINEERS INC","2156-3950","2156-3985","ENGINEERING, ELECTRICAL & ELECTRONIC","SCIE","8,042","3","Q2","0.55","4.34"%,
"CHINESE JOURNAL OF ELECTRONICS","CHINESE J ELECTRON","IEEE-INST ELECTRICAL ELECTRONICS ENGINEERS INC","1022-4653","2075-5597","ENGINEERING, ELECTRICAL & ELECTRONIC","SCIE","1,747","3","Q2","0.5","23.86"%,
"IEEE TRANSACTIONS ON INFORMATION THEORY","IEEE T INFORM THEORY","IEEE-INST ELECTRICAL ELECTRONICS ENGINEERS INC","0018-9448","1557-9654","ENGINEERING, ELECTRICAL & ELECTRONIC","SCIE","37,525","2.9","Q2","0.99","5.64"%,
"IEEE TRANSACTIONS ON COMPUTER-AIDED DESIGN OF INTEGRATED CIRCUITS AND SYSTEMS","IEEE T COMPUT AID D","IEEE-INST ELECTRICAL ELECTRONICS ENGINEERS INC","0278-0070","1937-4151","ENGINEERING, ELECTRICAL & ELECTRONIC","SCIE","9,605","2.9","Q2","0.69","4.44"%,
"Frontiers of Information Technology & Electronic Engineering","FRONT INFORM TECH EL","ZHEJIANG UNIV PRESS","2095-9184","2095-9230","ENGINEERING, ELECTRICAL & ELECTRONIC","SCIE","2,460","2.9","Q2","0.63","3.31"%,
"IEEE Open Journal of Ultrasonics, Ferroelectrics, and Frequency Control","IEEE OPEN J ULTRASON","IEEE-INST ELECTRICAL ELECTRONICS ENGINEERS INC","2694-0884","2694-0884","ENGINEERING, ELECTRICAL & ELECTRONIC","ESCI","130","2.9","Q2","0.54","96.88"%,
"IET Renewable Power Generation","IET RENEW POWER GEN","INST ENGINEERING TECHNOLOGY-IET","1752-1416","1752-1424","ENGINEERING, ELECTRICAL & ELECTRONIC","SCIE","7,129","2.9","Q2","0.48","94.83"%,
"JOURNAL OF MATERIALS SCIENCE-MATERIALS IN ELECTRONICS","J MATER SCI-MATER EL","SPRINGER","0957-4522","1573-482X","ENGINEERING, ELECTRICAL & ELECTRONIC","SCIE","52,209","2.8","Q2","0.56","4.24"%,
"OPTICAL FIBER TECHNOLOGY","OPT FIBER TECHNOL","ELSEVIER SCIENCE INC","1068-5200","1095-9912","ENGINEERING, ELECTRICAL & ELECTRONIC","SCIE","6,080","2.7","Q2","0.68","6.58"%,
"SIGNAL PROCESSING-IMAGE COMMUNICATION","SIGNAL PROCESS-IMAGE","ELSEVIER","0923-5965","1879-2677","ENGINEERING, ELECTRICAL & ELECTRONIC","SCIE","4,155","2.7","Q2","0.68","6.44"%,
"JOURNAL OF SUPERCOMPUTING","J SUPERCOMPUT","SPRINGER","0920-8542","1573-0484","ENGINEERING, ELECTRICAL & ELECTRONIC","SCIE","10,381","2.7","Q2","0.65","11.15"%,
"IEEE Open Journal of Signal Processing","IEEE OPEN J SIGNAL P","IEEE-INST ELECTRICAL ELECTRONICS ENGINEERS INC","N/A","2644-1322","ENGINEERING, ELECTRICAL & ELECTRONIC","ESCI","535","2.7","Q2","0.6","98.82"%,
"IET Smart Grid","IET SMART GRID","WILEY","N/A","2515-2947","ENGINEERING, ELECTRICAL & ELECTRONIC","ESCI","838","2.7","Q2","0.47","95.74"%,
"IEEE MICROWAVE MAGAZINE","IEEE MICROW MAG","IEEE-INST ELECTRICAL ELECTRONICS ENGINEERS INC","1527-3342","1557-9581","ENGINEERING, ELECTRICAL & ELECTRONIC","SCIE","3,132","2.6","Q2","0.69","0.4"%,
"Electronics","ELECTRONICS-SWITZ","MDPI","2079-9292","2079-9292","ENGINEERING, ELECTRICAL & ELECTRONIC","SCIE","47,196","2.6","Q2","0.62","99.96"%,
"IET Generation Transmission & Distribution","IET GENER TRANSM DIS","INST ENGINEERING TECHNOLOGY-IET","1751-8687","1751-8695","ENGINEERING, ELECTRICAL & ELECTRONIC","SCIE","10,075","2.6","Q2","0.55","94.33"%,
"World Electric Vehicle Journal","WORLD ELECTR VEHIC J","MDPI","2032-6653","2032-6653","ENGINEERING, ELECTRICAL & ELECTRONIC","ESCI","3,807","2.6","Q2","0.53","100"%,
"MICROPROCESSORS AND MICROSYSTEMS","MICROPROCESS MICROSY","ELSEVIER","0141-9331","1872-9436","ENGINEERING, ELECTRICAL & ELECTRONIC","SCIE","3,235","2.6","Q2","0.49","10.48"%,
"ACM Journal on Emerging Technologies in Computing Systems","ACM J EMERG TECH COM","ASSOC COMPUTING MACHINERY","1550-4832","1550-4840","ENGINEERING, ELECTRICAL & ELECTRONIC","SCIE","1,037","2.6","Q2","0.47","1.68"%,
"CES Transactions on Electrical Machines and Systems","CES TRANS ELECTR MAC","China Electrotechnical Soc","2096-3564","2096-3564","ENGINEERING, ELECTRICAL & ELECTRONIC","ESCI","890","2.6","Q2","0.47","100"%,
"Signals","SIGNALS-BASEL","MDPI","N/A","2624-6120","ENGINEERING, ELECTRICAL & ELECTRONIC","ESCI","392","2.6","Q2","0.41","100"%,
"Global Energy Interconnection-China","GLOB ENERG INTER-PRC","KEAI PUBLISHING LTD","2096-5117","2590-0358","ENGINEERING, ELECTRICAL & ELECTRONIC","ESCI","802","2.6","Q2","0.4","89.73"%,
"Frontiers in Signal Processing","FRONT SIGNAL PROC-SW","FRONTIERS MEDIA SA","N/A","2673-8198","ENGINEERING, ELECTRICAL & ELECTRONIC","ESCI","293","2.6","Q2","0.37","100"%,
"INTERNATIONAL JOURNAL OF IMAGING SYSTEMS AND TECHNOLOGY","INT J IMAG SYST TECH","WILEY","0899-9457","1098-1098","ENGINEERING, ELECTRICAL & ELECTRONIC","SCIE","2,326","2.5","Q2","0.66","8.94"%,
"IEEE PHOTONICS TECHNOLOGY LETTERS","IEEE PHOTONIC TECH L","IEEE-INST ELECTRICAL ELECTRONICS ENGINEERS INC","1041-1135","1941-0174","ENGINEERING, ELECTRICAL & ELECTRONIC","SCIE","15,314","2.5","Q2","0.63","5.58"%,
"Machines","MACHINES","MDPI","N/A","2075-1702","ENGINEERING, ELECTRICAL & ELECTRONIC","SCIE","8,211","2.5","Q2","0.6","99.97"%,
"INTEGRATION-THE VLSI JOURNAL","INTEGRATION","ELSEVIER","0167-9260","1872-7522","ENGINEERING, ELECTRICAL & ELECTRONIC","SCIE","1,931","2.5","Q2","0.57","3.99"%,
"IEEE TRANSACTIONS ON ELECTROMAGNETIC COMPATIBILITY","IEEE T ELECTROMAGN C","IEEE-INST ELECTRICAL ELECTRONICS ENGINEERS INC","0018-9375","1558-187X","ENGINEERING, ELECTRICAL & ELECTRONIC","SCIE","7,415","2.5","Q2","0.52","7.49"%,
"Journal of Computational Electronics","J COMPUT ELECTRON","SPRINGER","1569-8025","1572-8137","ENGINEERING, ELECTRICAL & ELECTRONIC","SCIE","2,900","2.5","Q2","0.51","7.05"%,
"Journal of Infrared Millimeter and Terahertz Waves","J INFRARED MILLIM TE","SPRINGER","1866-6892","1866-6906","ENGINEERING, ELECTRICAL & ELECTRONIC","SCIE","2,369","2.5","Q2","0.49","24.73"%,
"IET Intelligent Transport Systems","IET INTELL TRANSP SY","WILEY","1751-956X","1751-9578","ENGINEERING, ELECTRICAL & ELECTRONIC","SCIE","3,963","2.5","Q2","0.47","94.74"%,
"JOURNAL OF ELECTRONIC MATERIALS","J ELECTRON MATER","SPRINGER","0361-5235","1543-186X","ENGINEERING, ELECTRICAL & ELECTRONIC","SCIE","18,289","2.5","Q2","0.46","5.28"%,
"IEEE TRANSACTIONS ON NANOTECHNOLOGY","IEEE T NANOTECHNOL","IEEE-INST ELECTRICAL ELECTRONICS ENGINEERS INC","1536-125X","1941-0085","ENGINEERING, ELECTRICAL & ELECTRONIC","SCIE","3,811","2.5","Q2","0.43","4.94"%,
"IEEE Photonics Journal","IEEE PHOTONICS J","IEEE-INST ELECTRICAL ELECTRONICS ENGINEERS INC","1943-0655","1943-0647","ENGINEERING, ELECTRICAL & ELECTRONIC","SCIE","11,140","2.4","Q3","0.54","99.77"%,
"IEEE Journal of the Electron Devices Society","IEEE J ELECTRON DEVI","IEEE-INST ELECTRICAL ELECTRONICS ENGINEERS INC","2168-6734","2168-6734","ENGINEERING, ELECTRICAL & ELECTRONIC","SCIE","3,111","2.4","Q3","0.53","98.96"%,
"IEEE Open Journal of Circuits and Systems","IEEE OPEN J CIRCUITS","IEEE-INST ELECTRICAL ELECTRONICS ENGINEERS INC","N/A","2644-1225","ENGINEERING, ELECTRICAL & ELECTRONIC","ESCI","387","2.4","Q3","0.49","93.18"%,
"IEEE Power Electronics Magazine","IEEE POWER ELECTRON","IEEE-INST ELECTRICAL ELECTRONICS ENGINEERS INC","2329-9207","2329-9215","ENGINEERING, ELECTRICAL & ELECTRONIC","ESCI","2,207","2.4","Q3","0.49","0"%,
"IEEE SPECTRUM","IEEE SPECTRUM","IEEE-INST ELECTRICAL ELECTRONICS ENGINEERS INC","0018-9235","1939-9340","ENGINEERING, ELECTRICAL & ELECTRONIC","SCIE","2,014","2.4","Q3","0.28","0"%,
"International Journal of Optomechatronics","INT J OPTOMECHATRONI","TAYLOR & FRANCIS INC","1559-9612","1559-9620","ENGINEERING, ELECTRICAL & ELECTRONIC","SCIE","309","2.3","Q3","0.75","100"%,
"IEEE Transactions on Molecular Biological and Multi-Scale Communications","IEEE T MOL BIO MULT","IEEE-INST ELECTRICAL ELECTRONICS ENGINEERS INC","N/A","2332-7804","ENGINEERING, ELECTRICAL & ELECTRONIC","ESCI","551","2.3","Q3","0.56","15.75"%,
"JOURNAL OF ELECTRONIC PACKAGING","J ELECTRON PACKAGING","ASME","1043-7398","1528-9044","ENGINEERING, ELECTRICAL & ELECTRONIC","SCIE","1,955","2.3","Q3","0.54","0"%,
"IET Smart Cities","IET SMART CITIES","WILEY","N/A","2631-7680","ENGINEERING, ELECTRICAL & ELECTRONIC","ESCI","279","2.3","Q3","0.52","91.3"%,
"IEEE TRANSACTIONS ON DEVICE AND MATERIALS RELIABILITY","IEEE T DEVICE MAT RE","IEEE-INST ELECTRICAL ELECTRONICS ENGINEERS INC","1530-4388","1558-2574","ENGINEERING, ELECTRICAL & ELECTRONIC","SCIE","2,623","2.3","Q3","0.51","2.97"%,
"IET Control Theory and Applications","IET CONTROL THEORY A","WILEY","1751-8644","1751-8652","ENGINEERING, ELECTRICAL & ELECTRONIC","SCIE","6,769","2.3","Q3","0.49","95.82"%,
"IEEE TRANSACTIONS ON SEMICONDUCTOR MANUFACTURING","IEEE T SEMICONDUCT M","IEEE-INST ELECTRICAL ELECTRONICS ENGINEERS INC","0894-6507","1558-2345","ENGINEERING, ELECTRICAL & ELECTRONIC","SCIE","2,629","2.3","Q3","0.47","5.41"%,
"MACHINE VISION AND APPLICATIONS","MACH VISION APPL","SPRINGER","0932-8092","1432-1769","ENGINEERING, ELECTRICAL & ELECTRONIC","SCIE","2,669","2.3","Q3","0.45","17.65"%,
"MICROELECTRONICS JOURNAL","MICROELECTRON J","ELSEVIER SCI LTD","0959-8324","1879-2391","ENGINEERING, ELECTRICAL & ELECTRONIC","SCIE","4,718","2.3","Q3","0.41","1.87"%,
"JOURNAL OF CRYPTOLOGY","J CRYPTOL","SPRINGER","0933-2790","1432-1378","ENGINEERING, ELECTRICAL & ELECTRONIC","SCIE","2,453","2.2","Q3","0.93","30.48"%,
"IEEE Power & Energy Magazine","IEEE POWER ENERGY M","IEEE-INST ELECTRICAL ELECTRONICS ENGINEERS INC","1540-7977","1558-4216","ENGINEERING, ELECTRICAL & ELECTRONIC","SCIE","1,972","2.2","Q3","0.7","0"%,
"IEEE Journal on Selected Areas in Information Theory","IEEE J SEL AREAS INF","IEEE-INST ELECTRICAL ELECTRONICS ENGINEERS INC","N/A","2641-8770","ENGINEERING, ELECTRICAL & ELECTRONIC","ESCI","1,011","2.2","Q3","0.68","5.95"%,
"Physical Communication","PHYS COMMUN-AMST","ELSEVIER","1874-4907","1874-4907","ENGINEERING, ELECTRICAL & ELECTRONIC","SCIE","2,639","2.2","Q3","0.5","3.99"%,
"IEEE Sensors Letters","IEEE SENSOR LETT","IEEE-INST ELECTRICAL ELECTRONICS ENGINEERS INC","2475-1472","2475-1472","ENGINEERING, ELECTRICAL & ELECTRONIC","ESCI","3,078","2.2","Q3","0.46","8.51"%,
"Journal of the Society for Information Display","J SOC INF DISPLAY","WILEY","1071-0922","1938-3657","ENGINEERING, ELECTRICAL & ELECTRONIC","SCIE","1,930","2.2","Q3","0.46","14.87"%,
"IET Electrical Systems in Transportation","IET ELECTR SYST TRAN","WILEY","2042-9738","2042-9746","ENGINEERING, ELECTRICAL & ELECTRONIC","SCIE","690","2.2","Q3","0.44","100"%,
"IET Image Processing","IET IMAGE PROCESS","WILEY","1751-9659","1751-9667","ENGINEERING, ELECTRICAL & ELECTRONIC","SCIE","4,711","2.2","Q3","0.41","94.55"%,
"WIRELESS NETWORKS","WIREL NETW","SPRINGER","1022-0038","1572-8196","ENGINEERING, ELECTRICAL & ELECTRONIC","SCIE","5,369","2.1","Q3","0.54","7"%,
"IEEE JOURNAL OF QUANTUM ELECTRONICS","IEEE J QUANTUM ELECT","IEEE-INST ELECTRICAL ELECTRONICS ENGINEERS INC","0018-9197","1558-1713","ENGINEERING, ELECTRICAL & ELECTRONIC","SCIE","8,268","2.1","Q3","0.53","11.45"%,
"HardwareX","HARDWAREX","ELSEVIER","N/A","2468-0672","ENGINEERING, ELECTRICAL & ELECTRONIC","ESCI","1,186","2.1","Q3","0.49","75.72"%,
"JOURNAL OF MICROMECHANICS AND MICROENGINEERING","J MICROMECH MICROENG","IOP Publishing Ltd","0960-1317","1361-6439","ENGINEERING, ELECTRICAL & ELECTRONIC","SCIE","8,671","2.1","Q3","0.48","19.18"%,
"JOURNAL OF ELECTROSTATICS","J ELECTROSTAT","ELSEVIER","0304-3886","1873-5738","ENGINEERING, ELECTRICAL & ELECTRONIC","SCIE","3,467","2.1","Q3","0.45","12.62"%,
"Signal Image and Video Processing","SIGNAL IMAGE VIDEO P","SPRINGER LONDON LTD","1863-1703","1863-1711","ENGINEERING, ELECTRICAL & ELECTRONIC","SCIE","4,561","2.1","Q3","0.45","2.76"%,
"Journal of Systems Engineering and Electronics","J SYST ENG ELECTRON","SYSTEMS ENGINEERING & ELECTRONICS, EDITORIAL DEPT","1004-4132","1004-4132","ENGINEERING, ELECTRICAL & ELECTRONIC","SCIE","2,551","2.1","Q3","0.4","94.29"%,
"SEMICONDUCTOR SCIENCE AND TECHNOLOGY","SEMICOND SCI TECH","IOP Publishing Ltd","0268-1242","1361-6641","ENGINEERING, ELECTRICAL & ELECTRONIC","SCIE","8,603","2.1","Q3","0.39","18.64"%,
"Frontiers in Electronics","FRONT ELECTRON","FRONTIERS MEDIA SA","N/A","2673-5857","ENGINEERING, ELECTRICAL & ELECTRONIC","ESCI","285","2.1","Q3","0.33","100"%,
"IEEE TRANSACTIONS ON EDUCATION","IEEE T EDUC","IEEE-INST ELECTRICAL ELECTRONICS ENGINEERS INC","0018-9359","1557-9638","ENGINEERING, ELECTRICAL & ELECTRONIC","SCIE","2,038","2","Q3","0.85","22.17"%,
"IEEE Solid-State Circuits Letters","IEEE SOLID-ST CIRC L","IEEE-INST ELECTRICAL ELECTRONICS ENGINEERS INC","N/A","2573-9603","ENGINEERING, ELECTRICAL & ELECTRONIC","ESCI","1,057","2","Q3","0.48","3.69"%,
"CIRCUITS SYSTEMS AND SIGNAL PROCESSING","CIRC SYST SIGNAL PR","SPRINGER BIRKHAUSER","0278-081X","1531-5878","ENGINEERING, ELECTRICAL & ELECTRONIC","SCIE","4,790","2","Q3","0.45","3.16"%,
"IEEE TRANSACTIONS ON NUCLEAR SCIENCE","IEEE T NUCL SCI","IEEE-INST ELECTRICAL ELECTRONICS ENGINEERS INC","0018-9499","1558-1578","ENGINEERING, ELECTRICAL & ELECTRONIC","SCIE","13,924","1.9","Q3","0.68","12.24"%,
"EURASIP Journal on Wireless Communications and Networking","EURASIP J WIREL COMM","SPRINGER","1687-1472","1687-1499","ENGINEERING, ELECTRICAL & ELECTRONIC","SCIE","3,561","1.9","Q3","0.49","100"%,
"EURASIP Journal on Audio Speech and Music Processing","EURASIP J AUDIO SPEE","SPRINGER","1687-4722","1687-4722","ENGINEERING, ELECTRICAL & ELECTRONIC","SCIE","638","1.9","Q3","0.46","100"%,
"EURASIP Journal on Advances in Signal Processing","EURASIP J ADV SIG PR","SPRINGER","1687-6180","1687-6180","ENGINEERING, ELECTRICAL & ELECTRONIC","SCIE","3,044","1.9","Q3","0.45","99.71"%,
"ELECTRICAL ENGINEERING","ELECTR ENG","SPRINGER","0948-7921","1432-0487","ENGINEERING, ELECTRICAL & ELECTRONIC","SCIE","3,947","1.9","Q3","0.43","4.2"%,
"IEEE TRANSACTIONS ON MAGNETICS","IEEE T MAGN","IEEE-INST ELECTRICAL ELECTRONICS ENGINEERS INC","0018-9464","1941-0069","ENGINEERING, ELECTRICAL & ELECTRONIC","SCIE","26,358","1.9","Q3","0.43","4.64"%,
"International Transactions on Electrical Energy Systems","INT T ELECTR ENERGY","WILEY","2050-7038","2050-7038","ENGINEERING, ELECTRICAL & ELECTRONIC","SCIE","4,577","1.9","Q3","0.43","99.5"%,
"IEEE Canadian Journal of Electrical and Computer Engineering","IEEE CAN J ELECT COM","IEEE CANADA","N/A","2694-1783","ENGINEERING, ELECTRICAL & ELECTRONIC","SCIE","310","1.9","Q3","0.4","3.31"%,
"IEEE Design & Test","IEEE DES TEST","IEEE-INST ELECTRICAL ELECTRONICS ENGINEERS INC","2168-2356","2168-2364","ENGINEERING, ELECTRICAL & ELECTRONIC","SCIE","1,388","1.9","Q3","0.4","0"%,
"IET Power Electronics","IET POWER ELECTRON","WILEY","1755-4535","1755-4543","ENGINEERING, ELECTRICAL & ELECTRONIC","SCIE","5,700","1.9","Q3","0.4","95.73"%,
"IEEE TECHNOLOGY AND SOCIETY MAGAZINE","IEEE TECHNOL SOC MAG","IEEE-INST ELECTRICAL ELECTRONICS ENGINEERS INC","0278-0097","1937-416X","ENGINEERING, ELECTRICAL & ELECTRONIC","SCIE","738","1.9","Q3","0.37","0"%,
"MICROELECTRONICS RELIABILITY","MICROELECTRON RELIAB","PERGAMON-ELSEVIER SCIENCE LTD","0026-2714","1872-941X","ENGINEERING, ELECTRICAL & ELECTRONIC","SCIE","9,221","1.9","Q3","0.32","8.46"%,
"Smart Grids and Sustainable Energy","SMART GRID SUST EN","SPRINGERNATURE","N/A","2731-8087","ENGINEERING, ELECTRICAL & ELECTRONIC","ESCI","78","1.9","Q3","0.32","35.71"%,
"Journal of Signal Processing Systems for Signal Image and Video Technology","J SIGNAL PROCESS SYS","SPRINGER","1939-8018","1939-8115","ENGINEERING, ELECTRICAL & ELECTRONIC","SCIE","1,381","1.8","Q3","0.5","19.14"%,
"MATHEMATICS OF CONTROL SIGNALS AND SYSTEMS","MATH CONTROL SIGNAL","SPRINGER LONDON LTD","0932-4194","1435-568X","ENGINEERING, ELECTRICAL & ELECTRONIC","SCIE","1,281","1.8","Q3","0.49","32.95"%,
"MULTIDIMENSIONAL SYSTEMS AND SIGNAL PROCESSING","MULTIDIM SYST SIGN P","SPRINGER","0923-6082","1573-0824","ENGINEERING, ELECTRICAL & ELECTRONIC","SCIE","981","1.8","Q3","0.49","3.75"%,
"IEEE PERVASIVE COMPUTING","IEEE PERVAS COMPUT","IEEE COMPUTER SOC","1536-1268","1558-2590","ENGINEERING, ELECTRICAL & ELECTRONIC","SCIE","1,668","1.8","Q3","0.46","16.3"%,
"Journal of Low Power Electronics and Applications","J LOW POWER ELECT AP","MDPI","N/A","2079-9268","ENGINEERING, ELECTRICAL & ELECTRONIC","ESCI","516","1.8","Q3","0.44","100"%,
"INTERNATIONAL JOURNAL OF COMMUNICATION SYSTEMS","INT J COMMUN SYST","WILEY","1074-5351","1099-1131","ENGINEERING, ELECTRICAL & ELECTRONIC","SCIE","3,689","1.8","Q3","0.43","2.13"%,
"EURASIP Journal on Image and Video Processing","EURASIP J IMAGE VIDE","SPRINGER","1687-5176","1687-5281","ENGINEERING, ELECTRICAL & ELECTRONIC","SCIE","1,455","1.8","Q3","0.42","100"%,
"Electricity","ELECTRICITY-BASEL","MDPI","N/A","2673-4826","ENGINEERING, ELECTRICAL & ELECTRONIC","ESCI","205","1.8","Q3","0.4","100"%,
"IEEE TRANSACTIONS ON APPLIED SUPERCONDUCTIVITY","IEEE T APPL SUPERCON","IEEE-INST ELECTRICAL ELECTRONICS ENGINEERS INC","1051-8223","1558-2515","ENGINEERING, ELECTRICAL & ELECTRONIC","SCIE","16,996","1.8","Q3","0.39","4.38"%,
"SOLDERING & SURFACE MOUNT TECHNOLOGY","SOLDER SURF MT TECH","EMERALD GROUP PUBLISHING LTD","0954-0911","1758-6836","ENGINEERING, ELECTRICAL & ELECTRONIC","SCIE","617","1.8","Q3","0.39","0"%,
"Journal of Micro-Nanopatterning Materials and Metrology-JM3","J MICRO-NANOPATTERN","SPIE-SOC PHOTO-OPTICAL INSTRUMENTATION ENGINEERS","1932-5150","2708-8340","ENGINEERING, ELECTRICAL & ELECTRONIC","SCIE","346","1.8","Q3","0.35","22.09"%,
"Journal of Control and Decision","J CONTROL DECIS","TAYLOR & FRANCIS LTD","2330-7706","2330-7714","ENGINEERING, ELECTRICAL & ELECTRONIC","ESCI","724","1.8","Q3","0.34","0.76"%,
"IETE TECHNICAL REVIEW","IETE TECH REV","TAYLOR & FRANCIS LTD","0256-4602","0974-5971","ENGINEERING, ELECTRICAL & ELECTRONIC","SCIE","1,325","1.8","Q3","0.32","0.82"%,
"MICROSYSTEM TECHNOLOGIES-MICRO-AND NANOSYSTEMS-INFORMATION STORAGE AND PROCESSING SYSTEMS","MICROSYST TECHNOL","SPRINGER HEIDELBERG","0946-7076","1432-1858","ENGINEERING, ELECTRICAL & ELECTRONIC","SCIE","5,927","1.8","Q3","0.32","5.28"%,
"Journal of Information and Telecommunication","J INFORM TELECOMMUN","TAYLOR & FRANCIS LTD","2475-1839","2475-1847","ENGINEERING, ELECTRICAL & ELECTRONIC","ESCI","419","1.7","Q3","0.57","98.8"%,
"INTERNATIONAL JOURNAL OF NUMERICAL MODELLING-ELECTRONIC NETWORKS DEVICES AND FIELDS","INT J NUMER MODEL EL","WILEY","0894-3370","1099-1204","ENGINEERING, ELECTRICAL & ELECTRONIC","SCIE","1,295","1.7","Q3","0.46","8.13"%,
"Journal of Electromagnetic Engineering and Science","J ELECTROMAGN ENG SC","KOREAN INST ELECTROMAGNETIC ENGINEERING & SCIENCE","2671-7255","2671-7263","ENGINEERING, ELECTRICAL & ELECTRONIC","SCIE","561","1.7","Q3","0.38","97.93"%,
"Automatika","AUTOMATIKA-UK","TAYLOR & FRANCIS LTD","0005-1144","1848-3380","ENGINEERING, ELECTRICAL & ELECTRONIC","SCIE","826","1.7","Q3","0.36","97.6"%,
"IET Energy Systems Integration","IET ENERG SYST INTEG","WILEY","N/A","2516-8401","ENGINEERING, ELECTRICAL & ELECTRONIC","ESCI","425","1.7","Q3","0.28","97.46"%,
"IET Optoelectronics","IET OPTOELECTRON","WILEY","1751-8768","1751-8776","ENGINEERING, ELECTRICAL & ELECTRONIC","SCIE","665","1.6","Q3","0.42","90.77"%,
"IEEE INSTRUMENTATION & MEASUREMENT MAGAZINE","IEEE INSTRU MEAS MAG","IEEE-INST ELECTRICAL ELECTRONICS ENGINEERS INC","1094-6969","1941-0123","ENGINEERING, ELECTRICAL & ELECTRONIC","SCIE","1,253","1.6","Q3","0.41","0"%,
"INTERNATIONAL JOURNAL OF CIRCUIT THEORY AND APPLICATIONS","INT J CIRC THEOR APP","WILEY","0098-9886","1097-007X","ENGINEERING, ELECTRICAL & ELECTRONIC","SCIE","2,887","1.6","Q3","0.39","2.85"%,
"Journal of Electrical Engineering & Technology","J ELECTR ENG TECHNOL","SPRINGER SINGAPORE PTE LTD","1975-0102","2093-7423","ENGINEERING, ELECTRICAL & ELECTRONIC","SCIE","3,498","1.6","Q3","0.37","2.6"%,
"NETWORK-COMPUTATION IN NEURAL SYSTEMS","NETWORK-COMP NEURAL","TAYLOR & FRANCIS INC","0954-898X","1361-6536","ENGINEERING, ELECTRICAL & ELECTRONIC","SCIE","643","1.6","Q3","0.37","3.05"%,
"Electrical Engineering & Electromechanics","ELECTR ENG ELECTROME","NATL TECHNICAL UNIV, KHARKIV POLYTECHNICAL INST","2074-272X","2309-3404","ENGINEERING, ELECTRICAL & ELECTRONIC","ESCI","402","1.6","Q3","0.35","99.02"%,
"ETRI JOURNAL","ETRI J","WILEY","1225-6463","2233-7326","ENGINEERING, ELECTRICAL & ELECTRONIC","SCIE","1,213","1.6","Q3","0.33","80.8"%,
"IET Communications","IET COMMUN","INST ENGINEERING TECHNOLOGY-IET","1751-8628","1751-8636","ENGINEERING, ELECTRICAL & ELECTRONIC","SCIE","2,869","1.6","Q3","0.33","93.44"%,
"Foundations and Trends in Electronic Design Automation","FOUND TRENDS ELECTRO","NOW PUBLISHERS INC","1551-3939","1551-3947","ENGINEERING, ELECTRICAL & ELECTRONIC","ESCI","76","1.5","Q3","0.41","0"%,
"IEEE Journal on Multiscale and Multiphysics Computational Techniques","IEEE J MULTISCALE MU","IEEE-INST ELECTRICAL ELECTRONICS ENGINEERS INC","N/A","2379-8793","ENGINEERING, ELECTRICAL & ELECTRONIC","ESCI","385","1.5","Q3","0.41","6.14"%,
"Technology and Economics of Smart Grids and Sustainable Energy","TECHNOL ECON SMART G","SPRINGERNATURE","N/A","2199-4706","ENGINEERING, ELECTRICAL & ELECTRONIC","ESCI","260","1.5","Q3","0.39","0"%,
"ELECTRIC POWER COMPONENTS AND SYSTEMS","ELECTR POW COMPO SYS","TAYLOR & FRANCIS INC","1532-5008","1532-5016","ENGINEERING, ELECTRICAL & ELECTRONIC","SCIE","2,701","1.5","Q3","0.35","0.6"%,
"IET Electric Power Applications","IET ELECTR POWER APP","WILEY","1751-8660","1751-8679","ENGINEERING, ELECTRICAL & ELECTRONIC","SCIE","3,050","1.5","Q3","0.34","95.14"%,
"IET Radar Sonar and Navigation","IET RADAR SONAR NAV","WILEY","1751-8784","1751-8792","ENGINEERING, ELECTRICAL & ELECTRONIC","SCIE","3,111","1.5","Q3","0.33","96.46"%,
"IEEE Open Journal of Instrumentation and Measurement","IEEE OPEN J INSTRUM","IEEE-INST ELECTRICAL ELECTRONICS ENGINEERS INC","N/A","2768-7236","ENGINEERING, ELECTRICAL & ELECTRONIC","ESCI","123","1.5","Q3","0.27","97.14"%,
"Power Electronics and Drives","POWER ELECT DRIVES","SCIENDO","2451-0262","2543-4292","ENGINEERING, ELECTRICAL & ELECTRONIC","ESCI","153","1.5","Q3","0.26","100"%,
"JOURNAL OF MICROWAVE POWER AND ELECTROMAGNETIC ENERGY","J MICROWAVE POWER EE","TAYLOR & FRANCIS INC","0832-7823","0832-7823","ENGINEERING, ELECTRICAL & ELECTRONIC","SCIE","628","1.5","Q3","0.25","3.39"%,
"Turkish Journal of Electrical Engineering and Computer Sciences","TURK J ELECTR ENG CO","Tubitak Scientific & Technological Research Council Turkey","1300-0632","1303-6203","ENGINEERING, ELECTRICAL & ELECTRONIC","SCIE","1,975","1.5","Q3","0.25","13.27"%,
"Iranian Journal of Science and Technology-Transactions of Electrical Engineering","IJST-T ELECTR ENG","SPRINGER INT PUBL AG","2228-6179","2364-1827","ENGINEERING, ELECTRICAL & ELECTRONIC","SCIE","1,048","1.4","Q4","0.35","1.99"%,
"ANALOG INTEGRATED CIRCUITS AND SIGNAL PROCESSING","ANALOG INTEGR CIRC S","SPRINGER","0925-1030","1573-1979","ENGINEERING, ELECTRICAL & ELECTRONIC","SCIE","2,142","1.4","Q4","0.31","6.89"%,
"IET Signal Processing","IET SIGNAL PROCESS","WILEY","1751-9675","1751-9683","ENGINEERING, ELECTRICAL & ELECTRONIC","SCIE","1,216","1.4","Q4","0.3","96.79"%,
"IEEE Magnetics Letters","IEEE MAGN LETT","IEEE-INST ELECTRICAL ELECTRONICS ENGINEERS INC","1949-307X","1949-3088","ENGINEERING, ELECTRICAL & ELECTRONIC","SCIE","874","1.4","Q4","0.28","5.04"%,
"SOLID-STATE ELECTRONICS","SOLID STATE ELECTRON","PERGAMON-ELSEVIER SCIENCE LTD","0038-1101","1879-2405","ENGINEERING, ELECTRICAL & ELECTRONIC","SCIE","6,331","1.4","Q4","0.28","13.49"%,
"IETE JOURNAL OF RESEARCH","IETE J RES","TAYLOR & FRANCIS LTD","0377-2063","0974-780X","ENGINEERING, ELECTRICAL & ELECTRONIC","SCIE","3,293","1.3","Q4","0.33","0"%,
"IEEE Latin America Transactions","IEEE LAT AM T","IEEE-INST ELECTRICAL ELECTRONICS ENGINEERS INC","1548-0992","1548-0992","ENGINEERING, ELECTRICAL & ELECTRONIC","SCIE","1,841","1.3","Q4","0.32","0"%,
"IET Science Measurement & Technology","IET SCI MEAS TECHNOL","WILEY","1751-8822","1751-8830","ENGINEERING, ELECTRICAL & ELECTRONIC","SCIE","1,517","1.3","Q4","0.32","93.28"%,
"International Journal of Microwave and Wireless Technologies","INT J MICROW WIREL T","CAMBRIDGE UNIV PRESS","1759-0787","1759-0795","ENGINEERING, ELECTRICAL & ELECTRONIC","SCIE","1,427","1.3","Q4","0.31","21"%,
"IEEE ELECTRICAL INSULATION MAGAZINE","IEEE ELECTR INSUL M","IEEE-INST ELECTRICAL ELECTRONICS ENGINEERS INC","0883-7554","1558-4402","ENGINEERING, ELECTRICAL & ELECTRONIC","SCIE","1,797","1.3","Q4","0.3","0"%,
"Journal of Power Electronics","J POWER ELECTRON","SPRINGER HEIDELBERG","1598-2092","2093-4718","ENGINEERING, ELECTRICAL & ELECTRONIC","SCIE","1,659","1.3","Q4","0.29","1.16"%,
"IET Computer Vision","IET COMPUT VIS","WILEY","1751-9632","1751-9640","ENGINEERING, ELECTRICAL & ELECTRONIC","SCIE","985","1.3","Q4","0.28","93.78"%,
"JOURNAL OF ELECTRONIC TESTING-THEORY AND APPLICATIONS","J ELECTRON TEST","SPRINGER","0923-8174","1573-0727","ENGINEERING, ELECTRICAL & ELECTRONIC","SCIE","549","1.3","Q4","0.24","9.15"%,
"MICROWAVE AND OPTICAL TECHNOLOGY LETTERS","MICROW OPT TECHN LET","WILEY","0895-2477","1098-2760","ENGINEERING, ELECTRICAL & ELECTRONIC","SCIE","6,008","1.2","Q4","0.29","2.61"%,
"IET Microwaves Antennas & Propagation","IET MICROW ANTENNA P","WILEY","1751-8725","1751-8733","ENGINEERING, ELECTRICAL & ELECTRONIC","SCIE","3,547","1.2","Q4","0.28","87.1"%,
"JOURNAL OF VACUUM SCIENCE & TECHNOLOGY B","J VAC SCI TECHNOL B","A V S AMER INST PHYSICS","2166-2746","2166-2754","ENGINEERING, ELECTRICAL & ELECTRONIC","SCIE","6,714","1.2","Q4","0.26","7.45"%,
"IET Circuits Devices & Systems","IET CIRC DEVICE SYST","WILEY","1751-858X","1751-8598","ENGINEERING, ELECTRICAL & ELECTRONIC","SCIE","1,012","1.2","Q4","0.25","95.59"%,
"Journal of Electrical Engineering-Elektrotechnicky Casopis","J ELECTR ENG-SLOVAK","SLOVAK UNIV TECHNOLOGY","1335-3632","1339-309X","ENGINEERING, ELECTRICAL & ELECTRONIC","SCIE","774","1.2","Q4","0.17","94.44"%,
"Journal of Sensors","J SENSORS","WILEY","1687-725X","1687-7268","ENGINEERING, ELECTRICAL & ELECTRONIC","SCIE","5,370","1.1","Q4","0.33","99.64"%,
"IEEJ Journal of Industry Applications","IEEJ J IND APPL","INST ELECTRICAL ENGINEERS JAPAN","2187-1094","2187-1108","ENGINEERING, ELECTRICAL & ELECTRONIC","ESCI","679","1.1","Q4","0.29","98.1"%,
"International Arab Journal of Information Technology","INT ARAB J INF TECHN","ZARKA PRIVATE UNIV","1683-3198","1683-3198","ENGINEERING, ELECTRICAL & ELECTRONIC","SCIE","815","1.1","Q4","0.27","75.17"%,
"International Journal of Digital Multimedia Broadcasting","INT J DIGIT MULTIMED","WILEY","1687-7578","1687-7586","ENGINEERING, ELECTRICAL & ELECTRONIC","ESCI","67","1.1","Q4","0.26","100"%,
"INTERNATIONAL JOURNAL OF ELECTRONICS","INT J ELECTRON","TAYLOR & FRANCIS LTD","0020-7217","1362-3060","ENGINEERING, ELECTRICAL & ELECTRONIC","SCIE","1,591","1.1","Q4","0.26","0"%,
"JOURNAL OF ELECTROMAGNETIC WAVES AND APPLICATIONS","J ELECTROMAGNET WAVE","TAYLOR & FRANCIS LTD","0920-5071","1569-3937","ENGINEERING, ELECTRICAL & ELECTRONIC","SCIE","2,214","1.1","Q4","0.26","1.46"%,
"Revue Roumaine des Sciences Techniques-Serie Electrotechnique et Energetique","REV ROUM SCI TECH-EL","EDITURA ACAD ROMANE","0035-4066","N/A","ENGINEERING, ELECTRICAL & ELECTRONIC","SCIE","425","1.1","Q4","0.26","0.88"%,
"International Journal of Antennas and Propagation","INT J ANTENN PROPAG","WILEY","1687-5869","1687-5877","ENGINEERING, ELECTRICAL & ELECTRONIC","SCIE","1,939","1.1","Q4","0.25","100"%,
"IEEJ Transactions on Electrical and Electronic Engineering","IEEJ T ELECTR ELECTR","WILEY","1931-4973","1931-4981","ENGINEERING, ELECTRICAL & ELECTRONIC","SCIE","1,793","1.1","Q4","0.22","4.49"%,
"COMPEL-THE INTERNATIONAL JOURNAL FOR COMPUTATION AND MATHEMATICS IN ELECTRICAL AND ELECTRONIC ENGINEERING","COMPEL","EMERALD GROUP PUBLISHING LTD","0332-1649","0332-1649","ENGINEERING, ELECTRICAL & ELECTRONIC","SCIE","1,076","1","Q4","0.35","7.32"%,
"IEEE Letters on Electromagnetic Compatibility Practice and Applications","IEEE LETT ELECTROMAG","IEEE-INST ELECTRICAL ELECTRONICS ENGINEERS INC","N/A","2637-6423","ENGINEERING, ELECTRICAL & ELECTRONIC","ESCI","177","1","Q4","0.25","12"%,
"JOURNAL OF CIRCUITS SYSTEMS AND COMPUTERS","J CIRCUIT SYST COMP","WORLD SCIENTIFIC PUBL CO PTE LTD","0218-1266","1793-6454","ENGINEERING, ELECTRICAL & ELECTRONIC","SCIE","2,308","1","Q4","0.25","0.81"%,
"JOURNAL OF ELECTRONIC IMAGING","J ELECTRON IMAGING","SPIE-SOC PHOTO-OPTICAL INSTRUMENTATION ENGINEERS","1017-9909","1560-229X","ENGINEERING, ELECTRICAL & ELECTRONIC","SCIE","2,717","1","Q4","0.25","2.81"%,
"Traitement du Signal","TRAIT SIGNAL","INT INFORMATION & ENGINEERING TECHNOLOGY ASSOC","0765-0019","1958-5608","ENGINEERING, ELECTRICAL & ELECTRONIC","SCIE","1,153","1","Q4","0.23","29.55"%,
"INTERNATIONAL JOURNAL OF RF AND MICROWAVE COMPUTER-AIDED ENGINEERING","INT J RF MICROW C E","WILEY","1096-4290","1099-047X","ENGINEERING, ELECTRICAL & ELECTRONIC","SCIE","3,076","1","Q4","0.22","60.99"%,
"FREQUENZ","FREQUENZ","WALTER DE GRUYTER GMBH","0016-1136","2191-6349","ENGINEERING, ELECTRICAL & ELECTRONIC","SCIE","493","1","Q4","0.21","1.68"%,
"Laser & Optoelectronics Progress","LASER OPTOELECTRON P","SHANGHAI INST OPTICS & FINE MECHANICS, CHINESE ACAD SCIENCE","1006-4125","1006-4125","ENGINEERING, ELECTRICAL & ELECTRONIC","ESCI","3,869","1","Q4","0.21","0.03"%,
"Archives of Electrical Engineering","ARCH ELECTR ENG","POLSKA AKAD NAUK, POLISH ACAD SCIENCES","1427-4221","2300-2506","ENGINEERING, ELECTRICAL & ELECTRONIC","ESCI","380","0.9","Q4","0.23","99.49"%,
"OPTO-ELECTRONICS REVIEW","OPTO-ELECTRON REV","POLISH ACAD SCIENCES","1230-3402","1896-3757","ENGINEERING, ELECTRICAL & ELECTRONIC","SCIE","953","0.9","Q4","0.23","32.03"%,
"Elektronika Ir Elektrotechnika","ELEKTRON ELEKTROTECH","KAUNAS UNIV TECHNOLOGY","1392-1215","1392-1215","ENGINEERING, ELECTRICAL & ELECTRONIC","SCIE","784","0.9","Q4","0.21","98.09"%,
"Advances in Radio Science","ADV RADIO SCI","COPERNICUS GESELLSCHAFT MBH","1684-9965","1684-9973","ENGINEERING, ELECTRICAL & ELECTRONIC","ESCI","252","0.9","Q4","0.17","100"%,
"International Journal of Electrical and Computer Engineering Systems","INT J EL COMP ENG SY","J J STROSSMAYER UNIV OSIJEK, FAC ELECTRICAL ENGINEERING","1847-6996","1847-7003","ENGINEERING, ELECTRICAL & ELECTRONIC","ESCI","481","0.9","Q4","0.17","1.34"%,
"IET Cyber-Physical Systems: Theory & Applications","IET CYBER PHYS SYST","WILEY","N/A","2398-3396","ENGINEERING, ELECTRICAL & ELECTRONIC","ESCI","456","0.8","Q4","0.28","97.3"%,
"SAIEE Africa Research Journal","SAIEE AFR RES J","SOUTH AFRICAN INST ELECTRICAL ENGINEERS","1991-1696","1991-1696","ENGINEERING, ELECTRICAL & ELECTRONIC","ESCI","125","0.8","Q4","0.24","18.92"%,
"Advanced Electromagnetics","ADV ELECTROMAGN","ADVANCED ELECTROMAGNETICS, GEEPS-SUPELEC","2119-0275","2119-0275","ENGINEERING, ELECTRICAL & ELECTRONIC","ESCI","194","0.8","Q4","0.19","1.28"%,
"ELECTRONICS LETTERS","ELECTRON LETT","WILEY","0013-5194","1350-911X","ENGINEERING, ELECTRICAL & ELECTRONIC","SCIE","11,573","0.8","Q4","0.19","94.34"%,
"Active and Passive Electronic Components","ACT PASSIV ELECTRON","WILEY","0882-7516","1563-5031","ENGINEERING, ELECTRICAL & ELECTRONIC","ESCI","131","0.8","Q4","0.17","100"%,
"ELECTROMAGNETICS","ELECTROMAGNETICS","TAYLOR & FRANCIS INC","0272-6343","1532-527X","ENGINEERING, ELECTRICAL & ELECTRONIC","SCIE","539","0.8","Q4","0.17","0"%,
"Progress in Electromagnetics Research M","PROG ELECTROMA RES M","ELECTROMAGNETICS ACAD","N/A","1937-8726","ENGINEERING, ELECTRICAL & ELECTRONIC","ESCI","1,108","0.8","Q4","0.17","40.1"%,
"IEEE INDUSTRY APPLICATIONS MAGAZINE","IEEE IND APPL MAG","IEEE-INST ELECTRICAL ELECTRONICS ENGINEERS INC","1077-2618","1558-0598","ENGINEERING, ELECTRICAL & ELECTRONIC","SCIE","787","0.8","Q4","0.15","0"%,
"MICROELECTRONICS INTERNATIONAL","MICROELECTRON INT","EMERALD GROUP PUBLISHING LTD","1356-5362","1758-812X","ENGINEERING, ELECTRICAL & ELECTRONIC","SCIE","301","0.8","Q4","0.15","2.94"%,
"Advances in Electrical and Electronic Engineering","ADV ELECTR ELECTRON","VSB-TECHNICAL UNIV OSTRAVA","1336-1376","1804-3119","ENGINEERING, ELECTRICAL & ELECTRONIC","ESCI","350","0.8","Q4","0.14","84.21"%,
"INFORMACIJE MIDEM-JOURNAL OF MICROELECTRONICS ELECTRONIC COMPONENTS AND MATERIALS","INFORM MIDEM","SOC MICROELECTRONICS, ELECTRON COMPONENTS MATERIALS-MIDEM","0352-9045","2232-6979","ENGINEERING, ELECTRICAL & ELECTRONIC","SCIE","171","0.8","Q4","0.13","100"%,
"Journal of Semiconductor Technology and Science","J SEMICOND TECH SCI","IEEK PUBLICATION CENTER","1598-1657","2233-4866","ENGINEERING, ELECTRICAL & ELECTRONIC","SCIE","348","0.8","Q4","0.12","0"%,
"INTERNATIONAL JOURNAL OF APPLIED ELECTROMAGNETICS AND MECHANICS","INT J APPL ELECTROM","IOS PRESS","1383-5416","1875-8800","ENGINEERING, ELECTRICAL & ELECTRONIC","SCIE","1,344","0.7","Q4","0.18","0.62"%,
"International Journal of Emerging Electric Power Systems","INT J EMERG ELECTR P","WALTER DE GRUYTER GMBH","2194-5756","1553-779X","ENGINEERING, ELECTRICAL & ELECTRONIC","ESCI","522","0.7","Q4","0.18","1.01"%,
"Progress in Electromagnetics Research Letters","PROG ELECTROM RES LE","EMW PUBLISHING","1937-6480","1937-6480","ENGINEERING, ELECTRICAL & ELECTRONIC","ESCI","797","0.7","Q4","0.18","36.39"%,
"Radiophysics and Quantum Electronics","RADIOPHYS QUANT EL+","SPRINGER","0033-8443","1573-9120","ENGINEERING, ELECTRICAL & ELECTRONIC","SCIE","931","0.7","Q4","0.18","0"%,
"IEICE Electronics Express","IEICE ELECTRON EXPR","IEICE-INST ELECTRONICS INFORMATION COMMUNICATION ENGINEERS","1349-2543","1349-2543","ENGINEERING, ELECTRICAL & ELECTRONIC","SCIE","1,588","0.7","Q4","0.16","87.14"%,
"Radioengineering","RADIOENGINEERING","SPOLECNOST PRO RADIOELEKTRONICKE INZENYRSTVI","1210-2512","N/A","ENGINEERING, ELECTRICAL & ELECTRONIC","SCIE","994","0.7","Q4","0.16","88.14"%,
"CIRCUIT WORLD","CIRCUIT WORLD","EMERALD GROUP PUBLISHING LTD","0305-6120","1758-602X","ENGINEERING, ELECTRICAL & ELECTRONIC","SCIE","416","0.7","Q4","0.15","0"%,
"Facta Universitatis-Series Electronics and Energetics","FACTA UNIV-SER ELECT","UNIV NIS","0353-3670","2217-5997","ENGINEERING, ELECTRICAL & ELECTRONIC","ESCI","211","0.7","Q4","0.15","99.19"%,
"Jordan Journal of Electrical Engineering","JORDAN J ELECTR ENG","TAFILA TECHNICAL UNIV (TTU)","2409-9600","2409-9619","ENGINEERING, ELECTRICAL & ELECTRONIC","ESCI","77","0.7","Q4","0.15","0"%,
"Advances in Electrical and Computer Engineering","ADV ELECTR COMPUT EN","UNIV SUCEAVA, FAC ELECTRICAL ENG","1582-7445","1844-7600","ENGINEERING, ELECTRICAL & ELECTRONIC","SCIE","462","0.7","Q4","0.13","66.94"%,
"INTEGRATED FERROELECTRICS","INTEGR FERROELECTR","TAYLOR & FRANCIS LTD","1058-4587","1607-8489","ENGINEERING, ELECTRICAL & ELECTRONIC","SCIE","1,805","0.7","Q4","0.13","0"%,
"Electrica","ELECTRICA","AVES","2619-9831","2619-9831","ENGINEERING, ELECTRICAL & ELECTRONIC","ESCI","200","0.6","Q4","0.19","98.94"%,
"IEICE TRANSACTIONS ON COMMUNICATIONS","IEICE T COMMUN","IEICE-INST ELECTRONICS INFORMATION COMMUNICATION ENGINEERS","0916-8516","1745-1345","ENGINEERING, ELECTRICAL & ELECTRONIC","SCIE","1,231","0.6","Q4","0.16","0"%,
"INTERNATIONAL JOURNAL OF SOFTWARE ENGINEERING AND KNOWLEDGE ENGINEERING","INT J SOFTW ENG KNOW","WORLD SCIENTIFIC PUBL CO PTE LTD","0218-1940","1793-6403","ENGINEERING, ELECTRICAL & ELECTRONIC","SCIE","543","0.6","Q4","0.14","1.33"%,
"IEICE TRANSACTIONS ON ELECTRONICS","IEICE T ELECTRON","IEICE-INST ELECTRONICS INFORMATION COMMUNICATION ENGINEERS","0916-8524","1745-1353","ENGINEERING, ELECTRICAL & ELECTRONIC","SCIE","987","0.6","Q4","0.13","0"%,
"APPLIED COMPUTATIONAL ELECTROMAGNETICS SOCIETY JOURNAL","APPL COMPUT ELECTROM","APPLIED COMPUTATIONAL ELECTROMAGNETICS SOC","1054-4887","1943-5711","ENGINEERING, ELECTRICAL & ELECTRONIC","SCIE","934","0.6","Q4","0.12","13.86"%,
"ELECTRICAL ENGINEERING IN JAPAN","ELECTR ENG JPN","WILEY","0424-7760","1520-6416","ENGINEERING, ELECTRICAL & ELECTRONIC","SCIE","598","0.6","Q4","0.09","0"%,
"International Journal of Power and Energy Systems","INT J POWER ENERGY S","ACTA PRESS","1078-3466","1710-2243","ENGINEERING, ELECTRICAL & ELECTRONIC","ESCI","59","0.6","Q4","0.08","0"%,
"Advances in Multimedia","ADV MULTIMED","WILEY","1687-5680","1687-5699","ENGINEERING, ELECTRICAL & ELECTRONIC","ESCI","345","0.5","Q4","0.16","99.75"%,
"SICE Journal of Control Measurement and System Integration","SICE J CONTROL MEAS","TAYLOR & FRANCIS LTD","1882-4889","1884-9970","ENGINEERING, ELECTRICAL & ELECTRONIC","ESCI","239","0.5","Q4","0.14","99.01"%,
"Journal of Nanoelectronics and Optoelectronics","J NANOELECTRON OPTOE","AMER SCIENTIFIC PUBLISHERS","1555-130X","1555-1318","ENGINEERING, ELECTRICAL & ELECTRONIC","SCIE","787","0.5","Q4","0.12","0"%,
"Electrical Control and Communication Engineering","ELECTR CONTROL COMMU","RTU PRESS","2255-9140","2255-9159","ENGINEERING, ELECTRICAL & ELECTRONIC","ESCI","65","0.5","Q4","0.11","100"%,
"Recent Advances in Electrical & Electronic Engineering","RECENT ADV ELECTR EL","BENTHAM SCIENCE PUBL LTD","2352-0965","2352-0973","ENGINEERING, ELECTRICAL & ELECTRONIC","ESCI","270","0.5","Q4","0.11","2.48"%,
"Elektrotechnik und Informationstechnik","ELEKTROTECH INFORMAT","SPRINGER WIEN","0932-383X","1613-7620","ENGINEERING, ELECTRICAL & ELECTRONIC","ESCI","307","0.4","Q4","0.11","53.85"%,
"IEICE TRANSACTIONS ON FUNDAMENTALS OF ELECTRONICS COMMUNICATIONS AND COMPUTER SCIENCES","IEICE T FUND ELECTR","IEICE-INST ELECTRONICS INFORMATION COMMUNICATION ENGINEERS","0916-8508","1745-1337","ENGINEERING, ELECTRICAL & ELECTRONIC","SCIE","1,293","0.4","Q4","0.11","0.53"%,
"International Journal on Smart Sensing and Intelligent Systems","INT J SMART SENS INT","SCIENDO","1178-5608","1178-5608","ENGINEERING, ELECTRICAL & ELECTRONIC","ESCI","421","0.4","Q4","0.11","100"%,
"Przeglad Elektrotechniczny","PRZ ELEKTROTECHNICZN","WYDAWNICTWO SIGMA-NOT SP ZOO","0033-2097","2449-9544","ENGINEERING, ELECTRICAL & ELECTRONIC","ESCI","1,932","0.4","Q4","0.1","0"%,
"Electronics and Communications in Japan","ELECTR COMMUN JPN","WILEY","1942-9533","1942-9541","ENGINEERING, ELECTRICAL & ELECTRONIC","SCIE","409","0.4","Q4","0.08","0"%,
"JOURNAL OF COMMUNICATIONS TECHNOLOGY AND ELECTRONICS","J COMMUN TECHNOL EL+","PLEIADES PUBLISHING INC","1064-2269","1555-6557","ENGINEERING, ELECTRICAL & ELECTRONIC","SCIE","769","0.4","Q4","0.08","1.2"%,
"ITE Transactions on Media Technology and Applications","ITE TRANS MEDIA TECH","INST IMAGE INFORMATION & TELEVISION ENGINEERS","2186-7364","2186-7364","ENGINEERING, ELECTRICAL & ELECTRONIC","ESCI","141","0.3","Q4","0.11","36.84"%,
"EMITTER-International Journal of Engineering Technology","EMITTER","POLITEKNIK ELEKTRONIKA NEGERI SURABAYA","2355-391X","2443-1168","ENGINEERING, ELECTRICAL & ELECTRONIC","ESCI","70","0.3","Q4","0.08","87.04"%,
"IEICE Communications Express","IEICE COMMUN EXPRESS","IEICE-INST ELECTRONICS INFORMATION COMMUNICATION ENGINEERS","2187-0136","2187-0136","ENGINEERING, ELECTRICAL & ELECTRONIC","ESCI","272","0.3","Q4","0.08","96.88"%,
"Light & Engineering","LIGHT ENG","ZNACK PUBLISHING HOUSE","0236-2945","N/A","ENGINEERING, ELECTRICAL & ELECTRONIC","SCIE","228","0.3","Q4","0.08","3.1"%,
"International Journal of Autonomous and Adaptive Communications Systems","INT J AUTON ADAPT CO","INDERSCIENCE ENTERPRISES LTD","1754-8632","1754-8640","ENGINEERING, ELECTRICAL & ELECTRONIC","ESCI","72","0.3","Q4","0.06","1.06"%,
"University Politehnica of Bucharest Scientific Bulletin Series C-Electrical Engineering and Computer Science","U POLITEH BUCH SER C","POLYTECHNIC UNIV BUCHAREST","2286-3540","2286-3559","ENGINEERING, ELECTRICAL & ELECTRONIC","ESCI","238","0.3","Q4","0.05","0"%,
"MICROWAVE JOURNAL","MICROWAVE J","HORIZON HOUSE PUBLICATIONS INC","0192-6225","N/A","ENGINEERING, ELECTRICAL & ELECTRONIC","SCIE","392","0.3","Q4","0.04","0"%,
"Elektrotehniski Vestnik","ELEKTROTEH VESTN","ELECTROTECHNICAL SOC SLOVENIA","0013-5852","2232-3236","ENGINEERING, ELECTRICAL & ELECTRONIC","ESCI","91","0.2","Q4","0.04","0"%,
"Journal of Active and Passive Electronic Devices","J ACT PASSIV ELECTRO","OLD CITY PUBLISHING INC","1555-0281","1555-029X","ENGINEERING, ELECTRICAL & ELECTRONIC","ESCI","29","0.2","Q4","0.03","0"%,
"Visnyk NTUU KPI Seriia-Radiotekhnika Radioaparatobuduvannia","VISNYK NTUU KPI SER-","NATL TECHNICAL UNIV UKRAINE, KYIV POLYTECHNIC INST","2310-0389","2310-0389","ENGINEERING, ELECTRICAL & ELECTRONIC","ESCI","15","0.1","Q4","0.06","72.53"%,

Copyright (c) 2025 Clarivate 
By exporting the selected data; you agree to the data usage policy set forth in the Terms of Use 
