"Journal Data Filtered By:  Selected Categories: MULTIDISCIPLINARY SCIENCES Selected Editions: SCIE;SSCI;AHCI;ESCI Selected JCR Year: 2024 Selected Category Schema: WOS Selected Open Access: N Indicator: Default"

Journal name,JCR Abbreviation,Publisher,ISSN,eISSN,Category,Edition,Total Citations,2024 JIF,JIF Quartile,2024 JCI,% of Citable OA
"Nature Reviews Methods Primers","NAT REV METHOD PRIME","SPRINGERNATURE","N/A","2662-8449","MULTIDISCIPLINARY SCIENCES","SCIE","9,349","56","Q1","9.39","6.37"%,
"NATURE","NATURE","NATURE PORTFOLIO","0028-0836","1476-4687","MULTIDISCIPLINARY SCIENCES","SCIE","965,275","48.5","Q1","11.12","45.26"%,
"SCIENCE","SCIENCE","AMER ASSOC ADVANCEMENT SCIENCE","0036-8075","1095-9203","MULTIDISCIPLINARY SCIENCES","SCIE","785,913","45.8","Q1","8.98","2.09"%,
"Innovation","INNOVATION-AMSTERDAM","CELL PRESS","2666-6758","2666-6758","MULTIDISCIPLINARY SCIENCES","ESCI","9,272","25.7","Q1","5.02","88.2"%,
"Exploration","EXPLORATION-PRC","WILEY","2766-8509","2766-2098","MULTIDISCIPLINARY SCIENCES","ESCI","4,630","22.5","Q1","2.05","94.42"%,
"Science Bulletin","SCI BULL","ELSEVIER","2095-9273","2095-9281","MULTIDISCIPLINARY SCIENCES","SCIE","22,137","21.1","Q1","2.95","24.55"%,
"Nature Computational Science","NAT COMPUT SCI","SPRINGERNATURE","N/A","2662-8457","MULTIDISCIPLINARY SCIENCES","SCIE","4,046","18.3","Q1","3.23","29.15"%,
"National Science Review","NATL SCI REV","OXFORD UNIV PRESS","2095-5138","2053-714X","MULTIDISCIPLINARY SCIENCES","SCIE","19,541","17.1","Q1","3.03","95.35"%,
"Nature Human Behaviour","NAT HUM BEHAV","NATURE PORTFOLIO","2397-3374","2397-3374","MULTIDISCIPLINARY SCIENCES","SCIE","17,247","15.9","Q1","5.32","26.55"%,
"Nature Communications","NAT COMMUN","NATURE PORTFOLIO","N/A","2041-1723","MULTIDISCIPLINARY SCIENCES","SCIE","911,428","15.7","Q1","3.34","99.57"%,
"Journal of Advanced Research","J ADV RES","ELSEVIER","2090-1232","2090-1224","MULTIDISCIPLINARY SCIENCES","SCIE","14,158","13","Q1","2.97","98.19"%,
"Science Advances","SCI ADV","AMER ASSOC ADVANCEMENT SCIENCE","2375-2548","2375-2548","MULTIDISCIPLINARY SCIENCES","SCIE","181,324","12.5","Q1","2.82","99.91"%,
"Research","RESEARCH-CHINA","AMER ASSOC ADVANCEMENT SCIENCE","2096-5168","2639-5274","MULTIDISCIPLINARY SCIENCES","SCIE","9,394","10.7","Q1","1.88","99.86"%,
"PROCEEDINGS OF THE NATIONAL ACADEMY OF SCIENCES OF THE UNITED STATES OF AMERICA","P NATL ACAD SCI USA","NATL ACAD SCIENCES","0027-8424","1091-6490","MULTIDISCIPLINARY SCIENCES","SCIE","734,320","9.1","Q1","2.3","80.64"%,
"Scientific Data","SCI DATA","NATURE PORTFOLIO","N/A","2052-4463","MULTIDISCIPLINARY SCIENCES","SCIE","38,150","6.9","Q1","1.68","99.8"%,
"GLOBAL CHALLENGES","GLOB CHALL","WILEY-V C H VERLAG GMBH","N/A","2056-6646","MULTIDISCIPLINARY SCIENCES","SCIE","2,733","6.4","Q1","0.89","84.91"%,
"Fundamental Research","FUND RES-CHINA","KEAI PUBLISHING LTD","2096-9457","2667-3258","MULTIDISCIPLINARY SCIENCES","ESCI","2,613","6.3","Q1","1.34","97.99"%,
"Research Synthesis Methods","RES SYNTH METHODS","CAMBRIDGE UNIV PRESS","1759-2879","1759-2887","MULTIDISCIPLINARY SCIENCES","SCIE","8,706","6.1","Q1","1.27","65.57"%,
"ANNALS OF THE NEW YORK ACADEMY OF SCIENCES","ANN NY ACAD SCI","WILEY","0077-8923","1749-6632","MULTIDISCIPLINARY SCIENCES","SCIE","44,029","4.8","Q1","1","46.22"%,
"Machine Learning-Science and Technology","MACH LEARN-SCI TECHN","IOP Publishing Ltd","N/A","2632-2153","MULTIDISCIPLINARY SCIENCES","SCIE","3,413","4.6","Q1","1","99.68"%,
"PROCEEDINGS OF THE JAPAN ACADEMY SERIES B-PHYSICAL AND BIOLOGICAL SCIENCES","P JPN ACAD B-PHYS","JAPAN ACAD","0386-2208","1349-2896","MULTIDISCIPLINARY SCIENCES","SCIE","2,457","4.6","Q1","0.57","97.65"%,
"NPJ Microgravity","NPJ MICROGRAVITY","NATURE PORTFOLIO","N/A","2373-8065","MULTIDISCIPLINARY SCIENCES","SCIE","1,872","4.1","Q1","1.02","99.61"%,
"Journal of Taibah University for Science","J TAIBAH UNIV SCI","TAYLOR & FRANCIS LTD","1658-3655","1658-3655","MULTIDISCIPLINARY SCIENCES","SCIE","3,593","4.1","Q1","0.95","98.92"%,
"iScience","ISCIENCE","CELL PRESS","N/A","2589-0042","MULTIDISCIPLINARY SCIENCES","SCIE","41,252","4.1","Q1","0.94","88.61"%,
"GigaScience","GIGASCIENCE","OXFORD UNIV PRESS","2047-217X","2047-217X","MULTIDISCIPLINARY SCIENCES","SCIE","11,687","3.9","Q1","2.18","97.61"%,
"Scientific Reports","SCI REP-UK","NATURE PORTFOLIO","2045-2322","2045-2322","MULTIDISCIPLINARY SCIENCES","SCIE","834,622","3.9","Q1","1.07","99.69"%,
"PNAS Nexus","PNAS NEXUS","OXFORD UNIV PRESS","N/A","2752-6542","MULTIDISCIPLINARY SCIENCES","ESCI","3,154","3.8","Q1","1.95","96.61"%,
"PHILOSOPHICAL TRANSACTIONS OF THE ROYAL SOCIETY A-MATHEMATICAL PHYSICAL AND ENGINEERING SCIENCES","PHILOS T R SOC A","ROYAL SOC","1364-503X","1471-2962","MULTIDISCIPLINARY SCIENCES","SCIE","27,779","3.7","Q1","1.04","40.81"%,
"JOURNAL OF KING SAUD UNIVERSITY SCIENCE","J KING SAUD UNIV SCI","ELSEVIER","1018-3647","2213-686X","MULTIDISCIPLINARY SCIENCES","SCIE","10,024","3.6","Q1","0.9","96.97"%,
"Heliyon","HELIYON","CELL PRESS","N/A","2405-8440","MULTIDISCIPLINARY SCIENCES","SCIE","104,953","3.6","Q1","0.84","94.45"%,
"Journal of the Royal Society Interface","J R SOC INTERFACE","ROYAL SOC","1742-5689","1742-5662","MULTIDISCIPLINARY SCIENCES","SCIE","17,281","3.5","Q1","0.91","67.53"%,
"Scientific African","SCI AFR","ELSEVIER","2468-2276","2468-2276","MULTIDISCIPLINARY SCIENCES","ESCI","6,681","3.3","Q1","0.7","98.79"%,
"Forecasting","FORECASTING-BASEL","MDPI","N/A","2571-9394","MULTIDISCIPLINARY SCIENCES","ESCI","565","3.2","Q1","0.73","100"%,
"Natural Sciences","NAT SCI-GER","WILEY","2698-6248","2698-6248","MULTIDISCIPLINARY SCIENCES","ESCI","544","3.1","Q2","0.53","86.57"%,
"SCIENCE AND ENGINEERING ETHICS","SCI ENG ETHICS","SPRINGER","1353-3452","1471-5546","MULTIDISCIPLINARY SCIENCES","SCIE","3,747","3","Q2","2.47","80.61"%,
"PROCEEDINGS OF THE ROYAL SOCIETY A-MATHEMATICAL PHYSICAL AND ENGINEERING SCIENCES","P ROY SOC A-MATH PHY","ROYAL SOC","1364-5021","1471-2946","MULTIDISCIPLINARY SCIENCES","SCIE","25,037","3","Q2","0.83","47.4"%,
"FRACTALS-COMPLEX GEOMETRY PATTERNS AND SCALING IN NATURE AND SOCIETY","FRACTALS","WORLD SCIENTIFIC PUBL CO PTE LTD","0218-348X","1793-6543","MULTIDISCIPLINARY SCIENCES","SCIE","5,589","2.9","Q2","1.3","40.65"%,
"SCIENCE PROGRESS","SCI PROGRESS-UK","SAGE PUBLICATIONS LTD","0036-8504","2047-7163","MULTIDISCIPLINARY SCIENCES","SCIE","3,156","2.9","Q2","0.98","95.71"%,
"Royal Society Open Science","ROY SOC OPEN SCI","ROYAL SOC","2054-5703","2054-5703","MULTIDISCIPLINARY SCIENCES","SCIE","17,898","2.9","Q2","0.9","98.36"%,
"Advanced Theory and Simulations","ADV THEOR SIMUL","WILEY-V C H VERLAG GMBH","N/A","2513-0390","MULTIDISCIPLINARY SCIENCES","SCIE","3,574","2.9","Q2","0.58","18.26"%,
"ARABIAN JOURNAL FOR SCIENCE AND ENGINEERING","ARAB J SCI ENG","SPRINGER HEIDELBERG","2193-567X","2191-4281","MULTIDISCIPLINARY SCIENCES","SCIE","19,237","2.9","Q2","0.55","8"%,
"Facets","FACETS","CANADIAN SCIENCE PUBLISHING","2371-1671","2371-1671","MULTIDISCIPLINARY SCIENCES","SCIE","1,250","2.7","Q2","0.75","91.26"%,
"RENDICONTI LINCEI-SCIENZE FISICHE E NATURALI","REND LINCEI-SCI FIS","SPRINGER-VERLAG ITALIA SRL","2037-4631","1720-0776","MULTIDISCIPLINARY SCIENCES","SCIE","1,725","2.7","Q2","0.6","29.2"%,
"PLoS One","PLOS ONE","PUBLIC LIBRARY SCIENCE","1932-6203","1932-6203","MULTIDISCIPLINARY SCIENCES","SCIE","816,429","2.6","Q2","0.85","99.84"%,
"Beni-Suef University Journal of Basic and Applied Sciences","BENI-SUEF U J BASIC","SPRINGERNATURE","N/A","2314-8543","MULTIDISCIPLINARY SCIENCES","ESCI","1,963","2.6","Q2","0.52","100"%,
"Journal of Radiation Research and Applied Sciences","J RADIAT RES APPL SC","ELSEVIER","1687-8507","1687-8507","MULTIDISCIPLINARY SCIENCES","SCIE","3,258","2.5","Q2","0.86","93.01"%,
"PeerJ","PEERJ","PEERJ INC","2167-8359","2167-8359","MULTIDISCIPLINARY SCIENCES","SCIE","48,587","2.4","Q2","0.69","99.58"%,
"SN Applied Sciences","SN APPL SCI","SPRINGER INT PUBL AG","2523-3963","2523-3971","MULTIDISCIPLINARY SCIENCES","ESCI","16,434","2.4","Q2","0.52","100"%,
"INTERNATIONAL JOURNAL OF BIFURCATION AND CHAOS","INT J BIFURCAT CHAOS","WORLD SCIENTIFIC PUBL CO PTE LTD","0218-1274","1793-6551","MULTIDISCIPLINARY SCIENCES","SCIE","8,462","2.3","Q2","0.71","1.55"%,
"SOUTH AFRICAN JOURNAL OF SCIENCE","S AFR J SCI","ACAD SCIENCE SOUTH AFRICA - ASSAf","0038-2353","1996-7489","MULTIDISCIPLINARY SCIENCES","SCIE","3,624","2.3","Q2","0.49","88.89"%,
"Frontiers in Big Data","FRONT BIG DATA","FRONTIERS MEDIA SA","N/A","2624-909X","MULTIDISCIPLINARY SCIENCES","ESCI","1,604","2.3","Q2","0.47","99.08"%,
"ISSUES IN SCIENCE AND TECHNOLOGY","ISSUES SCI TECHNOL","NATL ACAD SCIENCES","0748-5492","1938-1557","MULTIDISCIPLINARY SCIENCES","SCIE","749","2.3","Q2","0.4","0"%,
"JOURNAL OF THE INDIAN INSTITUTE OF SCIENCE","J INDIAN I SCI","SPRINGER","0970-4140","0019-4964","MULTIDISCIPLINARY SCIENCES","SCIE","1,158","2.3","Q2","0.25","8.23"%,
"Symmetry-Basel","SYMMETRY-BASEL","MDPI","N/A","2073-8994","MULTIDISCIPLINARY SCIENCES","SCIE","26,268","2.2","Q2","0.85","100"%,
"JOURNAL OF THE ROYAL SOCIETY OF NEW ZEALAND","J ROY SOC NEW ZEAL","TAYLOR & FRANCIS LTD","0303-6758","1175-8899","MULTIDISCIPLINARY SCIENCES","SCIE","1,229","2.1","Q2","0.72","63.05"%,
"Science of Nature","SCI NAT-HEIDELBERG","SPRINGER HEIDELBERG","0028-1042","1432-1904","MULTIDISCIPLINARY SCIENCES","SCIE","1,228","2.1","Q2","0.68","28.99"%,
"ARO-The Scientific Journal of Koya University","ARO","KOYA UNIV","2307-549X","2410-9355","MULTIDISCIPLINARY SCIENCES","ESCI","284","2.1","Q2","0.34","100"%,
"Proceedings of the Indian National Science Academy","P INDIAN NATL SCI AC","INDIAN NAT SCI ACAD","0370-0046","2454-9983","MULTIDISCIPLINARY SCIENCES","ESCI","973","2.1","Q2","0.3","0.97"%,
"Data","DATA-BASEL","MDPI","N/A","2306-5729","MULTIDISCIPLINARY SCIENCES","ESCI","2,092","2","Q2","0.56","100"%,
"Peer Community Journal","PEER COMMUNITY J","Peer Community In - PCI","N/A","2804-3871","MULTIDISCIPLINARY SCIENCES","ESCI","592","2","Q2","0.42","99.69"%,
"Heritage","HERITAGE-BASEL","MDPI","2571-9408","2571-9408","MULTIDISCIPLINARY SCIENCES","ESCI","2,326","1.9","Q2","3.53","99.9"%,
"Journal of Physics-Complexity","J PHYS-COMPLEXITY","IOP Publishing Ltd","N/A","2632-072X","MULTIDISCIPLINARY SCIENCES","ESCI","593","1.9","Q2","0.78","97.94"%,
"MethodsX","METHODSX","ELSEVIER","N/A","2215-0161","MULTIDISCIPLINARY SCIENCES","ESCI","5,608","1.9","Q2","0.47","77.46"%,
"COMPLEXITY","COMPLEXITY","WILEY","1076-2787","1099-0526","MULTIDISCIPLINARY SCIENCES","SCIE","9,686","1.7","Q2","0.61","99.77"%,
"BMC Research Notes","BMC RES NOTES","SPRINGERNATURE","N/A","1756-0500","MULTIDISCIPLINARY SCIENCES","ESCI","15,495","1.7","Q2","0.42","99.64"%,
"Baghdad Science Journal","BAGHDAD SCI J","COLL SCIENCE WOMEN, UNIV BAGHDAD","2078-8665","2411-7986","MULTIDISCIPLINARY SCIENCES","ESCI","1,886","1.7","Q2","0.36","92.15"%,
"Applied Network Science","APPL NETW SCI","SPRINGERNATURE","N/A","2364-8228","MULTIDISCIPLINARY SCIENCES","ESCI","1,256","1.5","Q2","0.38","100"%,
"Iranian Journal of Science and Technology Transaction A-Science","IRAN J SCI TECHNOL A","SPRINGER INT PUBL AG","1028-6276","2364-1819","MULTIDISCIPLINARY SCIENCES","SCIE","1,773","1.4","Q3","0.57","1.53"%,
"Iranian Journal of Science","IRAN J SCI","SPRINGER INT PUBL AG","2731-8095","2731-8109","MULTIDISCIPLINARY SCIENCES","SCIE","293","1.4","Q3","0.48","1.09"%,
"Smart Science","SMART SCI","TAYLOR & FRANCIS LTD","N/A","2308-0477","MULTIDISCIPLINARY SCIENCES","ESCI","385","1.4","Q3","0.35","1.8"%,
"Data in Brief","DATA BRIEF","ELSEVIER","2352-3409","2352-3409","MULTIDISCIPLINARY SCIENCES","ESCI","10,554","1.4","Q3","0.31","97.37"%,
"NATIONAL ACADEMY SCIENCE LETTERS-INDIA","NATL ACAD SCI LETT","SPRINGER INDIA","0250-541X","2250-1754","MULTIDISCIPLINARY SCIENCES","SCIE","1,145","1.3","Q3","0.29","0.7"%,
"DISCRETE DYNAMICS IN NATURE AND SOCIETY","DISCRETE DYN NAT SOC","WILEY","1026-0226","1607-887X","MULTIDISCIPLINARY SCIENCES","SCIE","3,714","1.2","Q3","0.42","99.64"%,
"PROCEEDINGS OF THE NATIONAL ACADEMY OF SCIENCES INDIA SECTION A-PHYSICAL SCIENCES","P NATL A SCI INDIA A","NATL ACAD SCIENCES INDIA","0369-8203","2250-1762","MULTIDISCIPLINARY SCIENCES","SCIE","718","1.2","Q3","0.31","2.86"%,
"African Journal of Science Technology Innovation & Development","AFR J SCI TECHNOL IN","ROUTLEDGE JOURNALS, TAYLOR & FRANCIS LTD","2042-1338","2042-1346","MULTIDISCIPLINARY SCIENCES","ESCI","1,093","1.2","Q3","0.3","12.27"%,
"GigaByte","GIGABYTE-PRC","GigaScience Press","N/A","2709-4715","MULTIDISCIPLINARY SCIENCES","ESCI","149","1.2","Q3","0.29","74.77"%,
"Chemistry-Didactics-Ecology-Metrology","CHEM-DIDACT-ECOL-MET","SCIENDO","1640-9019","2084-4506","MULTIDISCIPLINARY SCIENCES","ESCI","80","1.2","Q3","0.27","100"%,
"Chinese Science Bulletin-Chinese","CHIN SCI B-CHIN","SCIENCE PRESS","0023-074X","2095-9419","MULTIDISCIPLINARY SCIENCES","ESCI","2,701","1.2","Q3","0.25","7.54"%,
"Science and Innovation","SCI INNOV","NATL ACAD SCIENCES UKRAINE","2409-9066","2413-4996","MULTIDISCIPLINARY SCIENCES","ESCI","256","1.2","Q3","0.11","61.69"%,
"INTERDISCIPLINARY SCIENCE REVIEWS","INTERDISCIPL SCI REV","SAGE PUBLICATIONS INC","0308-0188","1743-2790","MULTIDISCIPLINARY SCIENCES","SCIE","572","1.1","Q3","0.65","30.53"%,
"ANAIS DA ACADEMIA BRASILEIRA DE CIENCIAS","AN ACAD BRAS CIENC","ACAD BRASILEIRA DE CIENCIAS","0001-3765","1678-2690","MULTIDISCIPLINARY SCIENCES","SCIE","5,814","1.1","Q3","0.33","88.96"%,
"Kuwait Journal of Science","KUWAIT J SCI","ELSEVIER","2307-4108","2307-4116","MULTIDISCIPLINARY SCIENCES","SCIE","915","1.1","Q3","0.33","96.4"%,
"Gazi University Journal of Science","GAZI U J SCI","GAZI UNIV","2147-1762","2147-1762","MULTIDISCIPLINARY SCIENCES","ESCI","955","1.1","Q3","0.29","100"%,
"All Life","ALL LIFE","TAYLOR & FRANCIS LTD","2689-5293","2689-5307","MULTIDISCIPLINARY SCIENCES","SCIE","375","1.1","Q3","0.27","98.25"%,
"Proceedings of the Romanian Academy Series A-Mathematics Physics Technical Sciences Information Science","P ROMANIAN ACAD A","EDITURA ACAD ROMANE","1454-9069","1454-9069","MULTIDISCIPLINARY SCIENCES","SCIE","303","1","Q3","0.37","0"%,
"ADVANCES IN COMPLEX SYSTEMS","ADV COMPLEX SYST","WORLD SCIENTIFIC PUBL CO PTE LTD","0219-5259","1793-6802","MULTIDISCIPLINARY SCIENCES","SCIE","595","1","Q3","0.29","5.26"%,
"Jove-Journal of Visualized Experiments","JOVE-J VIS EXP","JOURNAL OF VISUALIZED EXPERIMENTS","1940-087X","1940-087X","MULTIDISCIPLINARY SCIENCES","SCIE","23,924","1","Q3","0.25","0.44"%,
"CURRENT SCIENCE","CURR SCI INDIA","INDIAN ACAD SCIENCES","0011-3891","0011-3891","MULTIDISCIPLINARY SCIENCES","SCIE","12,304","1","Q3","0.23","88.24"%,
"TRANSACTIONS OF THE ROYAL SOCIETY OF SOUTH AUSTRALIA","T ROY SOC SOUTH AUST","TAYLOR & FRANCIS LTD","0372-1426","2204-0293","MULTIDISCIPLINARY SCIENCES","SCIE","466","0.8","Q3","0.34","28.89"%,
"EuroBiotech Journal","EUROBIOTECH J","SCIENDO","N/A","2564-615X","MULTIDISCIPLINARY SCIENCES","ESCI","216","0.8","Q3","0.2","97.96"%,
"Sains Malaysiana","SAINS MALAYS","UNIV KEBANGSAAN MALAYSIA, FAC SCIENCE & TECHNOLOGY","0126-6039","N/A","MULTIDISCIPLINARY SCIENCES","SCIE","2,904","0.8","Q3","0.19","96.31"%,
"Journal of Physical Science","J PHYS SCI","UNIV SAINS MALAYSIA","1675-3402","2180-4230","MULTIDISCIPLINARY SCIENCES","ESCI","642","0.8","Q3","0.16","83.33"%,
"Chiang Mai Journal of Science","CHIANG MAI J SCI","CHIANG MAI UNIV, FAC SCIENCE","0125-2526","0125-2526","MULTIDISCIPLINARY SCIENCES","SCIE","1,142","0.8","Q3","0.15","0"%,
"Makara Journal of Science","MAKARA J SCI","UNIV INDONESIA","2339-1995","2356-0851","MULTIDISCIPLINARY SCIENCES","ESCI","213","0.8","Q3","0.15","99.07"%,
"Proceedings of the Estonian Academy of Sciences","P EST ACAD SCI","ESTONIAN ACAD PUBLISHERS","1736-6046","1736-7530","MULTIDISCIPLINARY SCIENCES","SCIE","491","0.7","Q3","0.2","100"%,
"DEFENCE SCIENCE JOURNAL","DEFENCE SCI J","DEFENCE SCIENTIFIC INFORMATION DOCUMENTATION CENTRE","0011-748X","0976-464X","MULTIDISCIPLINARY SCIENCES","SCIE","1,241","0.7","Q3","0.17","77.78"%,
"Pertanika Journal of Science and Technology","PERTANIKA J SCI TECH","UNIV PUTRA MALAYSIA PRESS","0128-7680","0128-7680","MULTIDISCIPLINARY SCIENCES","ESCI","897","0.7","Q3","0.15","89.33"%,
"SCIENCEASIA","SCIENCEASIA","SCIENCE SOCIETY THAILAND","1513-1874","N/A","MULTIDISCIPLINARY SCIENCES","SCIE","969","0.6","Q3","0.22","83.73"%,
"Uniciencia","UNICIENCIA","UNIV NACL, FAC CIENCIAS EXACTAS & NATURALES","1011-0275","2215-3470","MULTIDISCIPLINARY SCIENCES","ESCI","139","0.6","Q3","0.19","98.25"%,
"ACTA SCIENTIARUM-TECHNOLOGY","ACTA SCI-TECHNOL","UNIV ESTADUAL MARINGA, PRO-REITORIA PESQUISA POS-GRADUACAO","1806-2563","1807-8664","MULTIDISCIPLINARY SCIENCES","SCIE","563","0.6","Q3","0.16","96.11"%,
"Malaysian Journal of Fundamental and Applied Sciences","MALAYS J FUNDAM APPL","PENERBIT UTM PRESS","2289-5981","2289-599X","MULTIDISCIPLINARY SCIENCES","ESCI","600","0.6","Q3","0.13","71.78"%,
"AMERICAN SCIENTIST","AM SCI","SIGMA XI-SCI RES SOC","0003-0996","1545-2786","MULTIDISCIPLINARY SCIENCES","SCIE","2,617","0.6","Q3","0.11","0"%,
"Technology and Innovation","TECHNOL INNOV","NATL ACAD INVENTORS","1949-8241","1949-825X","MULTIDISCIPLINARY SCIENCES","ESCI","201","0.6","Q3","0.09","20"%,
"ENDEAVOUR","ENDEAVOUR","PERGAMON-ELSEVIER SCIENCE LTD","0160-9327","1873-1929","MULTIDISCIPLINARY SCIENCES","SCIE","616","0.5","Q4","0.47","33.33"%,
"REVISTA DE LA ACADEMIA COLOMBIANA DE CIENCIAS EXACTAS FISICAS Y NATURALES","REV ACAD COLOMB CIEN","ACAD COLOMB CIEN EXACTAS FISICAS NAT","0370-3908","2382-4980","MULTIDISCIPLINARY SCIENCES","ESCI","522","0.5","Q4","0.29","97.8"%,
"Trakya University Journal of Natural Sciences","TRAKYA U J NAT SCI","TRAKYA UNIV BALKAN YERLESESI ENSTITULER BINASI","N/A","2528-9691","MULTIDISCIPLINARY SCIENCES","ESCI","101","0.5","Q4","0.14","97.14"%,
"International Journal of Advanced and Applied Sciences","INT J ADV APPL SCI","INST ADVANCED SCIENCE EXTENSION","2313-626X","2313-3724","MULTIDISCIPLINARY SCIENCES","ESCI","940","0.5","Q4","0.13","98.69"%,
"Holos","HOLOS","CENTRO FEDERAL EDUCACAO TECNOLOGICA RIO GRANDE NORTE","1518-1634","1807-1600","MULTIDISCIPLINARY SCIENCES","ESCI","281","0.5","Q4","0.04","70.18"%,
"HERALD OF THE RUSSIAN ACADEMY OF SCIENCES","HER RUSS ACAD SCI+","MAIK NAUKA/INTERPERIODICA/SPRINGER","1019-3316","1555-6492","MULTIDISCIPLINARY SCIENCES","SCIE","579","0.4","Q4","0.35","22.96"%,
"Maejo International Journal of Science and Technology","MAEJO INT J SCI TECH","MAEJO UNIV","1905-7873","N/A","MULTIDISCIPLINARY SCIENCES","SCIE","237","0.4","Q4","0.24","1.39"%,
"Revista Investigaciones Altoandinas-Journal of High Andean Research","REV INVESTIG ALTOAND","UNIV NACL ALTIPLANO","2306-8582","2313-2957","MULTIDISCIPLINARY SCIENCES","ESCI","76","0.4","Q4","0.09","95.16"%,
"JOURNAL OF THE NATIONAL SCIENCE FOUNDATION OF SRI LANKA","J NATL SCI FOUND SRI","NATL SCIENCE FOUNDATION SRI LANKA","1391-4588","2362-0161","MULTIDISCIPLINARY SCIENCES","SCIE","528","0.4","Q4","0.08","92.77"%,
"Momona Ethiopian Journal of Science","MOMONA ETHIOP J SCI","MEKELLE UNIV, COLL NATURAL & COMPUTATIONAL SCIENCES","2073-073X","2073-073X","MULTIDISCIPLINARY SCIENCES","ESCI","242","0.4","Q4","0.06","100"%,
"Journal of the Selva Andina Research Society","J SELVA ANDIN RES SO","SOC INVESTIGACON SELVA ANDINA","2072-9294","2072-9308","MULTIDISCIPLINARY SCIENCES","ESCI","27","0.4","Q4","0.02","10.53"%,
"Atti Accademia Peloritana dei Pericolanti-Classe di Scienze Fisiche Matematiche e Naturali","ATTI ACCAD PELORIT","ACCAD PELORITANA PERICOLANTI","0365-0359","1825-1242","MULTIDISCIPLINARY SCIENCES","ESCI","121","0.3","Q4","1.57","0"%,
"Journal of Science and Arts","J SCI ARTS","EDITURA BIBLIOTHECA-BIBLIOTHECA PUBL HOUSE","1844-9581","2068-3049","MULTIDISCIPLINARY SCIENCES","ESCI","246","0.3","Q4","0.17","88.19"%,
"CienciaUat","CIENCIAUAT","UNIV AUTONOMA TAMAULIPAS","2007-7521","2007-7858","MULTIDISCIPLINARY SCIENCES","ESCI","114","0.3","Q4","0.13","100"%,
"COMPTES RENDUS DE L ACADEMIE BULGARE DES SCIENCES","CR ACAD BULG SCI","PUBL HOUSE BULGARIAN ACAD SCI","1310-1331","N/A","MULTIDISCIPLINARY SCIENCES","SCIE","873","0.3","Q4","0.09","0"%,
"Journal of Mathematical and Fundamental Sciences","J MATH FUNDAM SCI","INST TEKNOLOGI BANDUNG","2337-5760","2337-5760","MULTIDISCIPLINARY SCIENCES","ESCI","192","0.3","Q4","0.09","100"%,
"Uchenye Zapiski Kazanskogo Universiteta-Seriya Estestvennye Nauki","UCHEN ZAP KAZ U-ESTE","KAZAN FEDERAL UNIV","2542-064X","2500-218X","MULTIDISCIPLINARY SCIENCES","ESCI","114","0.3","Q4","0.09","87.6"%,
"JOURNAL OF ADVANCED APPLIED SCIENTIFIC RESEARCH","J ADV APPL SCI RES","JAMAL MOHAMED COLL PUBL","2454-3225","2454-3225","MULTIDISCIPLINARY SCIENCES","ESCI","50","0.3","Q4","0.05","5.1"%,
"Mindanao Journal of Science and Technology","MINDANAO J SCI TECHN","UNIV SCIENCE & TECHNOLOGY SOUTHERN PHILIPPINES","2244-0410","2449-3686","MULTIDISCIPLINARY SCIENCES","ESCI","64","0.2","Q4","0.09","0"%,
"Suranaree Journal of Science and Technology","SURANAREE J SCI TECH","SURANAREE UNIV TECHNOLOGY","0858-849X","0858-849X","MULTIDISCIPLINARY SCIENCES","ESCI","241","0.2","Q4","0.03","0"%,
"DOKLADY NATSIONALNOI AKADEMII NAUK BELARUSI","DOKL NAN BELARUSI","BELARUSKAYA NAVUKA","1561-8323","2524-2431","MULTIDISCIPLINARY SCIENCES","ESCI","79","0.1","Q4","0.06","98.34"%,
"Estudios-Centro de Estudios Avanzados-Universidad Nacional de Cordoba","ESTUD-CENT ESTUD AV-","UNIV NAC CORDOBA, CENTRO ESTUDIOS AVANZADOS","0328-185X","1852-1568","MULTIDISCIPLINARY SCIENCES","ESCI","17","0.1","Q4","0.06","0"%,
"Interdisciplinary Studies of Complex Systems","INTERDISCIP STUD COM","DRAGOMANOV NATL PEDAGOGICAL UNIV","2307-4515","2307-4515","MULTIDISCIPLINARY SCIENCES","ESCI","15","0.1","Q4","0.05","97.96"%,
"Tomsk State University Journal","TOMSK STATE UNIV J","TOMSK STATE UNIV","1561-7793","1561-803X","MULTIDISCIPLINARY SCIENCES","ESCI","380","0.1","Q4","0.05","5.93"%,
"Revista de Investigaciones-Universidad del Quindio","REV INVEST-QUINDIO","UNIV QUINDIO","1794-631X","2500-5782","MULTIDISCIPLINARY SCIENCES","ESCI","46","0.1","Q4","0.04","47.03"%,
"Revista Innovaciencia","REV INNOVACIENCIA","UNIV SANTANDER","2346-075X","2346-075X","MULTIDISCIPLINARY SCIENCES","ESCI","16","0.1","Q4","0.04","100"%,
"Journal of Rajasthan Academy of Physical Sciences","J RAJASTHAN ACAD PHY","RAJASTHAN ACAD PHYSICAL SCIENCES-RAOPS","0972-6306","0972-6306","MULTIDISCIPLINARY SCIENCES","ESCI","29","0.1","Q4","0.03","0"%,
"Tecnologia en Marcha","TECNOL MARCHA","INST TECNOLOGICO COSTA RICA","0379-3982","2215-3241","MULTIDISCIPLINARY SCIENCES","ESCI","165","0.1","Q4","0.02","90.48"%,
"Avances","AVANCES","CENTRO INFORMACION & GESTION TECNOLOGICA PINAR DEL RIO","1562-3297","1562-3297","MULTIDISCIPLINARY SCIENCES","ESCI","67","0.1","Q4","0.01","0"%,
"Revista Univap","REV UNIVAP","UNIV VALE PARAIBA-UNIVAP","1517-3275","2237-1753","MULTIDISCIPLINARY SCIENCES","ESCI","34","0.1","Q4","0.01","90.32"%,
"Cultura Cientifica","CULT CIENT","FUNDACION UNIV JUAN CASTELLANOS","1657-463X","2389-9638","MULTIDISCIPLINARY SCIENCES","ESCI","9","<0.1","Q4","0.01","18.75"%,
"Informes Cientificos y Tecnicos","INF CIENTIF TECN","UNIV NAC PATAGONIA AUSTRAL","1852-4516","1852-4516","MULTIDISCIPLINARY SCIENCES","ESCI","33","<0.1","Q4","0.01","83.17"%,
"Discover Applied Sciences","DISCOV APPL SCI","SPRINGER","N/A","3004-9261","MULTIDISCIPLINARY SCIENCES","ESCI","492","N/A","N/A","N/A","98.98"%,

Copyright (c) 2025 Clarivate 
By exporting the selected data; you agree to the data usage policy set forth in the Terms of Use 
